,service_code,service_code_desc,add_date,resolution_date,service_due_date,service_order_date,priority,street_address,zipcode,ward
0,S0000,Abandoned Vehicle - On Public Property,2023/03/15 15:09:40+00,2023/03/22 15:39:05+00,2023/04/03 15:09:40+00,2023/03/15 15:09:40+00,1,Q STREET NW AND KINGMAN PLACE NW,20009,2
1,S0000,Abandoned Vehicle - On Public Property,2023/03/15 15:58:39+00,2023/04/07 19:15:12+00,2023/04/03 15:58:39+00,2023/03/15 15:58:39+00,1,1102 STAPLES STREET NE,20002,5
2,S0000,Abandoned Vehicle - On Public Property,2023/03/15 16:18:07+00,2023/04/12 12:17:47+00,2023/04/03 16:18:07+00,2023/03/15 16:18:07+00,1,400 9TH STREET NE,20002,6
3,S0000,Abandoned Vehicle - On Public Property,2023/03/15 17:31:13+00,2023/03/21 16:42:06+00,2023/04/03 17:31:13+00,2023/03/15 17:31:13+00,1,2326 PAYNE TERRACE SE,20020,8
5,S0000,Abandoned Vehicle - On Public Property,2023/03/15 12:48:59+00,2023/03/31 15:39:05+00,2023/04/03 12:48:59+00,2023/03/15 12:48:59+00,1,5216 JUST STREET NE,20019,7
6,S0000,Abandoned Vehicle - On Public Property,2023/03/15 13:46:04+00,2023/03/20 13:54:58+00,2023/04/03 13:46:04+00,2023/03/15 13:46:04+00,1,201 18TH STREET NW,20006,2
7,S0000,Abandoned Vehicle - On Public Property,2023/03/15 14:20:09+00,2023/04/07 16:06:05+00,2023/04/03 14:20:09+00,2023/03/15 14:20:09+00,1,334 ANACOSTIA ROAD SE,20019,7
8,S0000,Abandoned Vehicle - On Public Property,2023/03/15 14:21:33+00,2023/04/04 17:30:14+00,2023/04/03 14:21:33+00,2023/03/15 14:21:33+00,1,2609 MYRTLE AVENUE NE,20018,5
9,S0000,Abandoned Vehicle - On Public Property,2023/03/15 15:20:25+00,2023/03/22 15:39:14+00,2023/04/03 15:20:25+00,2023/03/15 15:20:25+00,1,1300 Q STREET NW,20009,2
10,S0000,Abandoned Vehicle - On Public Property,2023/03/15 15:36:45+00,2023/04/07 19:12:08+00,2023/04/03 15:36:45+00,2023/03/15 15:36:45+00,1,3905 17TH PLACE NE,20018,5
11,S0000,Abandoned Vehicle - On Public Property,2023/03/15 16:02:04+00,2023/04/07 14:24:20+00,2023/04/03 16:02:04+00,2023/03/15 16:02:04+00,1,2024 SAVANNAH PLACE SE,20020,8
12,S0000,Abandoned Vehicle - On Public Property,2023/03/15 16:38:04+00,2023/03/25 12:27:03+00,2023/04/03 16:38:04+00,2023/03/15 16:38:04+00,1,1400 QUINCY STREET NE,20017,5
13,S0000,Abandoned Vehicle - On Public Property,2023/03/15 16:40:42+00,2023/03/27 13:43:24+00,2023/04/03 16:40:42+00,2023/03/15 16:40:42+00,1,2315 32ND STREET SE,20020,7
14,S0000,Abandoned Vehicle - On Public Property,2023/03/15 16:46:16+00,2023/04/06 18:51:04+00,2023/04/03 16:46:16+00,2023/03/15 16:46:16+00,1,2930 K STREET SE,20019,7
15,S0000,Abandoned Vehicle - On Public Property,2023/03/15 18:44:40+00,2023/04/07 19:09:19+00,2023/04/03 18:44:40+00,2023/03/15 18:44:40+00,1,19TH STREET NE AND RANDOLPH STREET NE,20018,5
16,S0000,Abandoned Vehicle - On Public Property,2023/03/15 18:46:10+00,2023/03/17 17:51:04+00,2023/04/03 18:46:10+00,2023/03/15 18:46:10+00,1,19 V STREET NE,20002,5
17,S0000,Abandoned Vehicle - On Public Property,2023/03/15 18:53:29+00,2023/03/17 15:27:07+00,2023/04/03 18:53:29+00,2023/03/15 18:53:29+00,1,1011 WEBSTER STREET NW,20011,4
18,S0000,Abandoned Vehicle - On Public Property,2023/03/15 20:08:58+00,2023/04/03 14:51:06+00,2023/04/03 20:08:58+00,2023/03/15 20:08:58+00,1,316 16TH STREET NE,20002,7
19,S0000,Abandoned Vehicle - On Public Property,2023/03/15 20:23:16+00,2023/03/16 15:21:06+00,2023/04/03 20:23:16+00,2023/03/15 20:23:16+00,1,411 I STREET NE,20002,6
20,S0000,Abandoned Vehicle - On Public Property,2023/03/15 21:04:53+00,2023/04/10 13:38:03+00,2023/04/03 21:04:52+00,2023/03/15 21:04:53+00,1,1325 LINDEN COURT NE,20002,6
21,S0000,Abandoned Vehicle - On Public Property,2023/03/15 21:39:45+00,2023/03/21 17:03:05+00,2023/04/03 21:39:45+00,2023/03/15 21:39:45+00,1,1131 CHICAGO STREET SE,20020,8
22,S0000,Abandoned Vehicle - On Public Property,2023/03/16 00:40:09+00,2023/03/16 16:27:09+00,2023/04/04 00:40:09+00,2023/03/16 00:40:09+00,1,600 - 699 BLOCK OF 14TH STREET NE,20002,6
23,S0000,Abandoned Vehicle - On Public Property,2023/03/15 20:32:33+00,2023/03/29 16:12:06+00,2023/04/03 20:32:33+00,2023/03/15 20:32:33+00,1,2010 MISSISSIPPI AVENUE SE,20020,8
24,S0000,Abandoned Vehicle - On Public Property,2023/03/15 21:20:18+00,2023/03/27 14:39:11+00,2023/04/03 21:20:18+00,2023/03/15 21:20:18+00,1,745 GRESHAM PLACE NW,20001,1
25,S0000,Abandoned Vehicle - On Public Property,2023/03/15 21:20:58+00,2023/03/28 17:36:05+00,2023/04/03 21:20:58+00,2023/03/15 21:20:58+00,1,5037 CALL PLACE SE,20019,7
26,S0000,Abandoned Vehicle - On Public Property,2023/03/15 21:57:04+00,2023/03/17 18:03:05+00,2023/04/03 21:57:04+00,2023/03/15 21:57:04+00,1,1272 OATES STREET NE,20002,5
27,S0000,Abandoned Vehicle - On Public Property,2023/03/15 22:26:07+00,2023/03/22 15:51:48+00,2023/04/03 22:26:07+00,2023/03/15 22:26:07+00,1,CORCORAN STREET NW AND 19TH STREET NW,20009,2
28,S0000,Abandoned Vehicle - On Public Property,2023/03/15 23:31:24+00,2023/03/22 15:51:06+00,2023/04/03 23:31:24+00,2023/03/15 23:31:24+00,1,1833 CORCORAN STREET NW,20009,2
29,S0000,Abandoned Vehicle - On Public Property,2023/03/16 12:43:33+00,2023/03/20 13:38:56+00,2023/04/04 12:43:33+00,2023/03/16 12:43:33+00,1,243 8TH STREET NE,20002,6
30,S0000,Abandoned Vehicle - On Public Property,2023/03/16 13:04:11+00,2023/03/17 17:57:11+00,2023/04/04 13:04:11+00,2023/03/16 13:04:11+00,1,118 V STREET NE,20002,5
31,S0000,Abandoned Vehicle - On Public Property,2023/03/16 13:06:14+00,2023/03/22 14:06:06+00,2023/04/04 13:06:13+00,2023/03/16 13:06:14+00,1,3800 39TH STREET NW,20016,3
32,S0000,Abandoned Vehicle - On Public Property,2023/03/16 13:44:53+00,2023/03/16 16:12:15+00,2023/04/04 13:44:53+00,2023/03/16 13:44:53+00,1,3906 SOUTHERN AVENUE SE,20020,7
33,S0000,Abandoned Vehicle - On Public Property,2023/03/16 14:58:46+00,2023/04/07 19:09:09+00,2023/04/04 14:58:46+00,2023/03/16 14:58:46+00,1,2106 TAYLOR STREET NE,20018,5
34,S0000,Abandoned Vehicle - On Public Property,2023/03/16 15:13:00+00,2023/04/10 13:16:28+00,2023/04/04 15:13:00+00,2023/03/16 15:13:00+00,1,3801 COMMODORE JOSHUA BARNEY DRIVE NE,20018,5
35,S0000,Abandoned Vehicle - On Public Property,2023/03/16 16:00:51+00,2023/03/17 18:00:05+00,2023/04/04 16:00:51+00,2023/03/16 16:00:51+00,1,3500 - 3899 BLOCK OF JOHN MCCORMACK ROAD NE,20017,5
36,S0000,Abandoned Vehicle - On Public Property,2023/03/16 16:11:06+00,2023/03/30 17:30:05+00,2023/04/04 16:11:05+00,2023/03/16 16:11:06+00,1,501 6TH STREET SW,20024,6
37,S0000,Abandoned Vehicle - On Public Property,2023/03/16 13:33:08+00,2023/04/06 14:36:04+00,2023/04/04 13:33:08+00,2023/03/16 13:33:08+00,1,4325 BARKER STREET SE,20019,7
38,S0000,Abandoned Vehicle - On Public Property,2023/03/16 16:14:06+00,2023/03/30 17:30:05+00,2023/04/04 16:14:06+00,2023/03/16 16:14:06+00,1,501 6TH STREET SW,20024,6
39,S0000,Abandoned Vehicle - On Public Property,2023/03/16 17:06:03+00,2023/03/29 17:09:05+00,2023/04/04 17:06:03+00,2023/03/16 17:06:03+00,1,200 - 299 BLOCK OF OKLAHOMA AVENUE NE,20019,7
40,S0000,Abandoned Vehicle - On Public Property,2023/03/16 17:47:03+00,2023/03/21 16:18:05+00,2023/04/04 17:47:02+00,2023/03/16 17:47:03+00,1,200 - 299 BLOCK OF OKLAHOMA AVENUE NE,20019,7
41,S0000,Abandoned Vehicle - On Public Property,2023/03/16 17:24:07+00,2023/03/22 17:36:04+00,2023/04/04 17:24:07+00,2023/03/16 17:24:07+00,1,1321 TUCKERMAN STREET NW,20011,4
42,S0000,Abandoned Vehicle - On Public Property,2023/03/16 18:57:03+00,2023/03/22 15:45:05+00,2023/04/04 18:57:03+00,2023/03/16 18:57:03+00,1,6228 GEORGIA AVENUE NW,20011,4
43,S0000,Abandoned Vehicle - On Public Property,2023/03/16 19:27:00+00,2023/04/13 17:36:59+00,2023/04/04 19:27:00+00,2023/03/16 19:27:00+00,1,3121 20TH STREET SE,20020,8
44,S0000,Abandoned Vehicle - On Public Property,2023/03/16 19:46:57+00,2023/03/17 16:27:05+00,2023/04/04 19:46:57+00,2023/03/16 19:46:57+00,1,124 P STREET SW,20024,6
45,S0000,Abandoned Vehicle - On Public Property,2023/03/16 19:48:56+00,2023/04/06 18:00:06+00,2023/04/04 19:48:56+00,2023/03/16 19:48:56+00,1,3337 5TH STREET SE,20032,8
46,S0000,Abandoned Vehicle - On Public Property,2023/03/16 20:08:46+00,2023/03/17 14:15:05+00,2023/04/04 20:08:46+00,2023/03/16 20:08:46+00,1,1002 QUEBEC PLACE NW,20010,4
47,S0000,Abandoned Vehicle - On Public Property,2023/03/16 23:30:47+00,2023/03/27 14:24:04+00,2023/04/04 23:30:47+00,2023/03/16 23:30:47+00,1,761 KENYON STREET NW,20010,1
49,S0000,Abandoned Vehicle - On Public Property,2023/03/17 02:13:02+00,2023/03/17 17:42:05+00,2023/04/05 02:13:02+00,2023/03/17 02:13:02+00,1,5101 NORTH CAPITOL STREET NE,20011,5
50,S0000,Abandoned Vehicle - On Public Property,2023/03/16 18:24:13+00,2023/04/07 15:30:07+00,2023/04/04 18:24:13+00,2023/03/16 18:24:13+00,1,36TH STREET SE AND CROFFUT PLACE SE,20019,7
51,S0000,Abandoned Vehicle - On Public Property,2023/03/16 18:24:52+00,2023/03/21 13:36:05+00,2023/04/04 18:24:52+00,2023/03/16 18:24:52+00,1,1516 19TH STREET SE,20020,8
52,S0000,Abandoned Vehicle - On Public Property,2023/03/16 19:12:33+00,2023/03/21 17:12:05+00,2023/04/04 19:12:33+00,2023/03/16 19:12:33+00,1,1509 W STREET SE,20020,8
53,S0000,Abandoned Vehicle - On Public Property,2023/03/16 20:48:19+00,2023/03/27 16:45:05+00,2023/04/04 20:48:19+00,2023/03/16 20:48:19+00,1,3132 19TH STREET NW,20010,1
54,S0000,Abandoned Vehicle - On Public Property,2023/03/16 20:58:05+00,2023/03/27 15:39:13+00,2023/04/04 20:58:05+00,2023/03/16 20:58:05+00,1,53RD STREET NE AND BLAINE STREET NE,20019,7
55,S0000,Abandoned Vehicle - On Public Property,2023/03/16 21:32:39+00,2023/03/20 16:09:06+00,2023/04/04 21:32:39+00,2023/03/16 21:32:39+00,1,4660 MARTIN LUTHER KING JR AVENUE SW,20032,8
56,S0000,Abandoned Vehicle - On Public Property,2023/03/16 22:02:03+00,2023/04/06 18:03:06+00,2023/04/04 22:02:02+00,2023/03/16 22:02:03+00,1,3344 5TH STREET SE,20032,8
57,S0000,Abandoned Vehicle - On Public Property,2023/03/16 22:06:45+00,2023/04/06 18:03:07+00,2023/04/04 22:06:44+00,2023/03/16 22:06:45+00,1,3340 5TH STREET SE,20032,8
58,S0000,Abandoned Vehicle - On Public Property,2023/03/16 22:12:58+00,2023/03/31 14:21:05+00,2023/04/04 22:12:58+00,2023/03/16 22:12:58+00,1,409 TRENTON STREET SE,20032,8
59,S0000,Abandoned Vehicle - On Public Property,2023/03/17 04:22:39+00,2023/03/17 17:06:05+00,2023/04/05 04:22:39+00,2023/03/17 04:22:39+00,1,MINNESOTA AVENUE NE AND RIDGE ROAD SE,20019,7
60,S0000,Abandoned Vehicle - On Public Property,2023/03/17 13:39:29+00,2023/03/20 15:30:07+00,2023/04/05 13:39:29+00,2023/03/17 13:39:29+00,1,249 8TH STREET NE,20002,6
61,S0000,Abandoned Vehicle - On Public Property,2023/03/17 13:45:40+00,2023/03/22 17:57:16+00,2023/04/05 13:45:40+00,2023/03/17 13:45:40+00,1,7538 EASTERN AVENUE NW,20012,4
62,S0000,Abandoned Vehicle - On Public Property,2023/03/17 14:25:36+00,2023/04/04 15:30:05+00,2023/04/05 14:25:36+00,2023/03/17 14:25:36+00,1,60 HAWAII AVENUE NE,20011,5
63,S0000,Abandoned Vehicle - On Public Property,2023/03/17 15:13:31+00,2023/03/23 15:54:06+00,2023/04/05 15:13:31+00,2023/03/17 15:13:31+00,1,4423 GAULT PLACE NE,20019,7
66,S0000,Abandoned Vehicle - On Public Property,2023/03/17 17:32:33+00,2023/04/03 16:57:06+00,2023/04/05 17:32:33+00,2023/03/17 17:32:33+00,1,4829 1ST STREET SW,20032,8
67,S0000,Abandoned Vehicle - On Public Property,2023/03/17 15:16:39+00,2023/03/23 15:51:14+00,2023/04/05 15:16:38+00,2023/03/17 15:16:39+00,1,4423 GAULT PLACE NE,20019,7
68,S0000,Abandoned Vehicle - On Public Property,2023/03/17 15:57:09+00,2023/03/20 15:21:55+00,2023/04/05 15:57:09+00,2023/03/17 15:57:09+00,1,501 6TH STREET SW,20024,6
69,S0000,Abandoned Vehicle - On Public Property,2023/03/17 16:43:03+00,2023/03/21 16:30:05+00,2023/04/05 16:43:02+00,2023/03/17 16:43:03+00,1,500 - 699 BLOCK OF 4TH STREET SW,20024,6
71,S0000,Abandoned Vehicle - On Public Property,2023/03/17 17:24:16+00,2023/03/31 16:30:06+00,2023/04/05 17:24:16+00,2023/03/17 17:24:16+00,1,59 FORRESTER STREET SW,20032,8
73,S0000,Abandoned Vehicle - On Public Property,2023/03/17 21:23:34+00,2023/04/07 15:30:21+00,2023/04/05 21:23:34+00,2023/03/17 21:23:34+00,1,36TH STREET SE AND CROFFUT PLACE SE,20019,7
74,S0000,Abandoned Vehicle - On Public Property,2023/03/17 22:00:31+00,2023/03/21 17:21:05+00,2023/04/05 22:00:31+00,2023/03/17 22:00:31+00,1,248 GALLATIN STREET NW,20011,4
75,S0000,Abandoned Vehicle - On Public Property,2023/03/18 00:07:02+00,2023/03/28 17:09:08+00,2023/04/06 00:07:02+00,2023/03/18 00:07:02+00,1,902 M STREET NW,20001,2
76,S0000,Abandoned Vehicle - On Public Property,2023/03/18 01:05:23+00,2023/04/04 15:21:05+00,2023/04/06 01:05:23+00,2023/03/18 01:05:23+00,1,4814 SOUTH DAKOTA AVENUE NE,20017,5
77,S0000,Abandoned Vehicle - On Public Property,2023/03/18 07:20:21+00,2023/03/28 14:36:13+00,2023/04/05 07:20:21+00,2023/03/18 07:20:21+00,1,717 46TH STREET SE,20019,7
78,S0000,Abandoned Vehicle - On Public Property,2023/03/18 07:25:59+00,2023/03/28 14:36:13+00,2023/04/05 07:25:59+00,2023/03/18 07:25:59+00,1,717 46TH STREET SE,20019,7
80,S0000,Abandoned Vehicle - On Public Property,2023/03/18 16:46:09+00,2023/03/27 16:24:05+00,2023/04/05 16:46:09+00,2023/03/18 16:46:09+00,1,1722 IRVING STREET NW,20010,1
81,S0000,Abandoned Vehicle - On Public Property,2023/03/18 17:36:19+00,2023/03/28 12:30:45+00,2023/04/05 17:36:19+00,2023/03/18 17:36:19+00,1,2900 RHODE ISLAND AVENUE NE,20018,5
82,S0000,Abandoned Vehicle - On Public Property,2023/03/18 17:39:21+00,2023/03/21 19:12:05+00,2023/04/05 17:39:21+00,2023/03/18 17:39:21+00,1,2919 RHODE ISLAND AVENUE NE,20018,5
83,S0000,Abandoned Vehicle - On Public Property,2023/03/18 17:43:43+00,2023/03/20 15:24:06+00,2023/04/05 17:43:43+00,2023/03/18 17:43:43+00,1,411 I STREET NE,20002,6
84,S0000,Abandoned Vehicle - On Public Property,2023/03/18 16:08:16+00,2023/03/29 13:36:05+00,2023/04/05 16:08:16+00,2023/03/18 16:08:16+00,1,1655 GALES STREET NE,20002,7
85,S0000,Abandoned Vehicle - On Public Property,2023/03/18 16:23:00+00,2023/04/07 19:06:04+00,2023/04/05 16:23:00+00,2023/03/18 16:23:00+00,1,426 MARIETTA PLACE NW,20011,4
86,S0000,Abandoned Vehicle - On Public Property,2023/03/18 20:49:43+00,2023/03/20 17:27:06+00,2023/04/05 20:49:43+00,2023/03/18 20:49:43+00,1,LINCOLN ROAD NE AND BRYANT STREET NE,20002,5
87,S0000,Abandoned Vehicle - On Public Property,2023/03/18 23:11:44+00,2023/03/28 13:48:32+00,2023/04/05 23:11:44+00,2023/03/18 23:11:44+00,1,4800 - 4899 BLOCK OF LOUGHBORO ROAD NW,20016,3
88,S0000,Abandoned Vehicle - On Public Property,2023/03/18 23:24:39+00,2023/03/20 15:15:05+00,2023/04/05 23:24:39+00,2023/03/18 23:24:39+00,1,213 14TH PLACE NE,20002,6
89,S0000,Abandoned Vehicle - On Public Property,2023/03/19 00:46:17+00,2023/04/04 15:51:06+00,2023/04/06 00:46:17+00,2023/03/19 00:46:17+00,1,1821 2ND STREET NE,20002,5
90,S0000,Abandoned Vehicle - On Public Property,2023/03/19 00:49:16+00,2023/03/21 17:30:06+00,2023/04/06 00:49:16+00,2023/03/19 00:49:16+00,1,600 - 699 BLOCK OF ALABAMA AVENUE SE,20032,8
91,S0000,Abandoned Vehicle - On Public Property,2023/03/19 13:10:50+00,2023/03/22 17:57:07+00,2023/04/05 13:10:50+00,2023/03/19 13:10:50+00,1,950 25TH STREET NW,20037,2
92,S0000,Abandoned Vehicle - On Public Property,2023/03/19 18:08:44+00,2023/03/23 16:39:05+00,2023/04/05 18:08:44+00,2023/03/19 18:08:44+00,1,NANNIE HELEN BURROUGHS AVENUE NE AND 56TH STREET NE,20019,7
93,S0000,Abandoned Vehicle - On Public Property,2023/03/19 20:14:31+00,2023/03/27 16:06:06+00,2023/04/05 20:14:31+00,2023/03/19 20:14:31+00,1,2360 CHAMPLAIN STREET NW,20009,1
94,S0000,Abandoned Vehicle - On Public Property,2023/03/19 21:19:47+00,2023/03/23 17:06:13+00,2023/04/05 21:19:47+00,2023/03/19 21:19:47+00,1,1642 U STREET SE,20020,8
95,S0000,Abandoned Vehicle - On Public Property,2023/03/19 23:01:28+00,2023/04/14 17:36:05+00,2023/04/05 23:01:28+00,2023/03/19 23:01:28+00,1,2962 2ND STREET SE,20032,8
96,S0000,Abandoned Vehicle - On Public Property,2023/03/19 23:03:38+00,2023/04/14 17:36:13+00,2023/04/05 23:03:38+00,2023/03/19 23:03:38+00,1,2962 2ND STREET SE,20032,8
97,S0000,Abandoned Vehicle - On Public Property,2023/03/20 00:21:54+00,2023/03/24 14:45:05+00,2023/04/06 00:21:54+00,2023/03/20 00:21:54+00,1,1108 BRANCH AVENUE SE,20019,7
98,S0000,Abandoned Vehicle - On Public Property,2023/03/19 22:39:14+00,2023/03/29 12:59:36+00,2023/04/05 22:39:14+00,2023/03/19 22:39:14+00,1,1350 PENNSYLVANIA AVENUE NW,20004,2
100,S0000,Abandoned Vehicle - On Public Property,2023/03/20 12:14:40+00,2023/03/21 13:51:06+00,2023/04/06 12:14:40+00,2023/03/20 12:14:40+00,1,1867 KENDALL STREET NE,20002,5
101,S0000,Abandoned Vehicle - On Public Property,2023/03/20 11:47:29+00,2023/04/14 17:36:20+00,2023/04/06 11:47:29+00,2023/03/20 11:47:29+00,1,2958 2ND STREET SE,20032,8
102,S0000,Abandoned Vehicle - On Public Property,2023/03/20 12:08:06+00,2023/03/30 15:51:14+00,2023/04/06 12:08:06+00,2023/03/20 12:08:06+00,1,3948 C STREET SE,20019,7
103,S0000,Abandoned Vehicle - On Public Property,2023/03/20 14:00:32+00,2023/03/20 17:39:07+00,2023/04/06 14:00:31+00,2023/03/20 14:00:32+00,1,3432 10TH PLACE SE,20032,8
104,S0000,Abandoned Vehicle - On Public Property,2023/03/20 14:51:03+00,2023/03/21 12:31:06+00,2023/04/06 14:51:03+00,2023/03/20 14:51:03+00,1,100 - 134 BLOCK OF WILMINGTON PLACE SE,20032,8
105,S0000,Abandoned Vehicle - On Public Property,2023/03/20 14:52:16+00,2023/03/22 14:27:05+00,2023/04/06 14:52:16+00,2023/03/20 14:52:16+00,1,4114 DAVIS PLACE NW,20007,3
106,S0000,Abandoned Vehicle - On Public Property,2023/03/20 14:47:38+00,2023/03/22 14:15:05+00,2023/04/06 14:47:38+00,2023/03/20 14:47:38+00,1,216 OKLAHOMA AVENUE NE,20002,7
107,S0000,Abandoned Vehicle - On Public Property,2023/03/20 15:38:12+00,2023/03/23 13:03:38+00,2023/04/06 15:38:12+00,2023/03/20 15:38:12+00,1,3701 PORTER STREET NW,20016,3
108,S0000,Abandoned Vehicle - On Public Property,2023/03/20 13:53:48+00,2023/03/21 11:54:43+00,2023/04/06 13:53:48+00,2023/03/20 13:53:48+00,1,230 11TH STREET NE,20002,6
109,S0000,Abandoned Vehicle - On Public Property,2023/03/20 14:24:15+00,2023/03/24 12:29:45+00,2023/04/06 14:24:15+00,2023/03/20 14:24:15+00,1,1700 GALES STREET NE,20002,7
110,S0000,Abandoned Vehicle - On Public Property,2023/03/20 16:55:10+00,2023/04/10 18:42:05+00,2023/04/06 16:55:10+00,2023/03/20 16:55:10+00,1,5006 JUST STREET NE,20019,7
111,S0000,Abandoned Vehicle - On Public Property,2023/03/20 17:01:26+00,2023/03/21 14:06:05+00,2023/04/06 17:01:26+00,2023/03/20 17:01:26+00,1,200 OKLAHOMA AVENUE NE,20002,7
112,S0000,Abandoned Vehicle - On Public Property,2023/03/20 17:28:05+00,2023/03/21 14:30:05+00,2023/04/06 17:28:05+00,2023/03/20 17:28:05+00,1,1336 S STREET NW,20009,2
113,S0000,Abandoned Vehicle - On Public Property,2023/03/20 17:52:56+00,2023/03/22 12:31:31+00,2023/04/06 17:52:56+00,2023/03/20 17:52:56+00,1,101 10TH STREET NE,20002,6
114,S0000,Abandoned Vehicle - On Public Property,2023/03/20 16:02:35+00,2023/03/21 14:06:13+00,2023/04/06 16:02:35+00,2023/03/20 16:02:35+00,1,208 OKLAHOMA AVENUE NE,20002,7
115,S0000,Abandoned Vehicle - On Public Property,2023/03/20 16:09:02+00,2023/03/22 12:27:47+00,2023/04/06 16:09:02+00,2023/03/20 16:09:02+00,1,2321 LINCOLN ROAD NE,20002,5
117,S0000,Abandoned Vehicle - On Public Property,2023/03/20 18:46:32+00,2023/03/21 16:12:06+00,2023/04/06 18:46:31+00,2023/03/20 18:46:32+00,1,64 SHERIDAN STREET NE,20011,4
118,S0000,Abandoned Vehicle - On Public Property,2023/03/20 19:13:06+00,2023/03/22 17:36:05+00,2023/04/06 19:13:06+00,2023/03/20 19:13:06+00,1,1105 N STREET NW,20005,2
119,S0000,Abandoned Vehicle - On Public Property,2023/03/20 19:21:01+00,2023/03/29 17:51:14+00,2023/04/06 19:21:01+00,2023/03/20 19:21:01+00,1,3432 10TH PLACE SE,20032,8
120,S0000,Abandoned Vehicle - On Public Property,2023/03/20 23:34:01+00,2023/03/21 18:21:13+00,2023/04/06 23:34:01+00,2023/03/20 23:34:01+00,1,4207 7TH STREET NW,20011,4
121,S0000,Abandoned Vehicle - On Public Property,2023/03/20 23:59:32+00,2023/03/31 14:30:13+00,2023/04/06 23:59:32+00,2023/03/20 23:59:32+00,1,1315 CLIFTON STREET NW,20009,1
122,S0000,Abandoned Vehicle - On Public Property,2023/03/21 00:04:42+00,2023/03/27 15:42:05+00,2023/04/07 00:04:42+00,2023/03/21 00:04:42+00,1,1686 EUCLID STREET NW,20009,1
123,S0000,Abandoned Vehicle - On Public Property,2023/03/21 01:53:12+00,2023/03/27 15:24:05+00,2023/04/07 01:53:12+00,2023/03/21 01:53:12+00,1,1400 EUCLID STREET NW,20009,1
124,S0000,Abandoned Vehicle - On Public Property,2023/03/20 19:45:46+00,2023/04/14 14:30:05+00,2023/04/06 19:45:46+00,2023/03/20 19:45:46+00,1,4631 HILLTOP TERRACE SE,20019,7
125,S0000,Abandoned Vehicle - On Public Property,2023/03/20 20:26:00+00,2023/03/22 13:45:05+00,2023/04/06 20:26:00+00,2023/03/20 20:26:00+00,1,3704 33RD PLACE NW,20008,3
126,S0000,Abandoned Vehicle - On Public Property,2023/03/20 21:03:40+00,2023/03/21 15:36:04+00,2023/04/06 21:03:40+00,2023/03/20 21:03:40+00,1,5719 3RD STREET NE,20011,4
127,S0000,Abandoned Vehicle - On Public Property,2023/03/20 21:42:35+00,2023/03/22 16:57:06+00,2023/04/06 21:42:35+00,2023/03/20 21:42:35+00,1,1418 CORCORAN STREET NW,20009,2
128,S0000,Abandoned Vehicle - On Public Property,2023/03/20 22:00:31+00,2023/03/22 18:36:18+00,2023/04/06 22:00:31+00,2023/03/20 22:00:31+00,1,1500 P STREET NW,20005,2
129,S0000,Abandoned Vehicle - On Public Property,2023/03/21 11:27:34+00,2023/03/22 13:57:13+00,2023/04/07 11:27:34+00,2023/03/21 11:27:34+00,1,800 DELAFIELD PLACE NW,20011,4
130,S0000,Abandoned Vehicle - On Public Property,2023/03/21 11:43:13+00,2023/04/04 13:30:06+00,2023/04/07 11:43:13+00,2023/03/21 11:43:13+00,1,200 - 299 BLOCK OF SEATON PLACE NE,20002,5
131,S0000,Abandoned Vehicle - On Public Property,2023/03/21 12:24:13+00,2023/03/27 13:48:38+00,2023/04/07 12:24:13+00,2023/03/21 12:24:13+00,1,4013 BLAINE STREET NE,20019,7
133,S0000,Abandoned Vehicle - On Public Property,2023/03/21 16:49:14+00,2023/04/10 19:15:05+00,2023/04/07 16:49:14+00,2023/03/21 16:49:14+00,1,5342 JAMES PLACE NE,20019,7
134,S0000,Abandoned Vehicle - On Public Property,2023/03/21 16:59:33+00,2023/03/28 16:12:06+00,2023/04/07 16:59:33+00,2023/03/21 16:59:33+00,1,513 HILLTOP TERRACE SE,20019,7
136,S0000,Abandoned Vehicle - On Public Property,2023/03/21 17:10:53+00,2023/03/22 15:15:06+00,2023/04/07 17:10:53+00,2023/03/21 17:10:53+00,1,1735 FRASER COURT NW,20009,2
137,S0000,Abandoned Vehicle - On Public Property,2023/03/21 12:54:47+00,2023/03/23 15:45:13+00,2023/04/07 12:54:47+00,2023/03/21 12:54:47+00,1,3229 15TH PLACE SE,20020,8
138,S0000,Abandoned Vehicle - On Public Property,2023/03/21 12:56:35+00,2023/03/22 15:48:05+00,2023/04/07 12:56:35+00,2023/03/21 12:56:35+00,1,1524 2ND STREET SW,20024,6
139,S0000,Abandoned Vehicle - On Public Property,2023/03/21 13:30:04+00,2023/03/25 11:51:05+00,2023/04/07 13:30:04+00,2023/03/21 13:30:04+00,1,776 KENILWORTH TERRACE NE,20019,7
140,S0000,Abandoned Vehicle - On Public Property,2023/03/21 13:35:26+00,2023/04/11 12:47:32+00,2023/04/07 13:35:25+00,2023/03/21 13:35:26+00,1,2703 JAMES M MCGEE JR STREET SE,20020,8
141,S0000,Abandoned Vehicle - On Public Property,2023/03/21 13:40:47+00,2023/03/21 13:41:57+00,2023/04/07 13:40:47+00,2023/03/21 13:40:47+00,1,1500 - 1599 BLOCK OF 19TH STREET SE,20020,8
142,S0000,Abandoned Vehicle - On Public Property,2023/03/21 13:50:59+00,2023/03/21 16:39:10+00,2023/04/07 13:50:59+00,2023/03/21 13:50:59+00,1,243 8TH STREET NE,20002,6
143,S0000,Abandoned Vehicle - On Public Property,2023/03/21 13:57:55+00,2023/03/27 17:06:03+00,2023/04/07 13:57:55+00,2023/03/21 13:57:55+00,1,1927 LAMONT STREET NW,20010,1
144,S0000,Abandoned Vehicle - On Public Property,2023/03/21 14:06:59+00,2023/04/03 16:15:06+00,2023/04/07 14:06:59+00,2023/03/21 14:06:59+00,1,5TH STREET SE AND TRENTON STREET SE,20032,8
145,S0000,Abandoned Vehicle - On Public Property,2023/03/21 14:48:41+00,2023/04/03 15:42:22+00,2023/04/07 14:48:41+00,2023/03/21 14:48:41+00,1,1251 OAK DRIVE SE,20032,8
146,S0000,Abandoned Vehicle - On Public Property,2023/03/21 15:10:44+00,2023/04/04 17:03:05+00,2023/04/07 15:10:44+00,2023/03/21 15:10:44+00,1,31 W STREET NW,20001,5
147,S0000,Abandoned Vehicle - On Public Property,2023/03/21 16:02:05+00,2023/03/21 17:45:13+00,2023/04/07 16:02:05+00,2023/03/21 16:02:05+00,1,4703 4TH STREET NW,20011,4
148,S0000,Abandoned Vehicle - On Public Property,2023/03/21 17:42:15+00,2023/03/28 16:06:18+00,2023/04/07 17:42:15+00,2023/03/21 17:42:15+00,1,513 HILLTOP TERRACE SE,20019,7
149,S0000,Abandoned Vehicle - On Public Property,2023/03/21 17:43:28+00,2023/03/28 16:09:20+00,2023/04/07 17:43:28+00,2023/03/21 17:43:28+00,1,513 HILLTOP TERRACE SE,20019,7
150,S0000,Abandoned Vehicle - On Public Property,2023/03/21 18:19:47+00,2023/04/06 14:21:59+00,2023/04/07 18:19:47+00,2023/03/21 18:19:47+00,1,1 - 40 BLOCK OF TODD PLACE NE,20002,5
151,S0000,Abandoned Vehicle - On Public Property,2023/03/21 18:23:18+00,2023/03/22 14:45:22+00,2023/04/07 18:23:18+00,2023/03/21 18:23:18+00,1,1301 KENILWORTH AVENUE NE,20019,7
152,S0000,Abandoned Vehicle - On Public Property,2023/03/21 20:59:52+00,2023/03/22 15:57:06+00,2023/04/07 20:59:52+00,2023/03/21 20:59:52+00,1,1426 EAST CAPITOL STREET NE,20003,6
154,S0000,Abandoned Vehicle - On Public Property,2023/03/21 20:13:37+00,2023/04/06 14:27:08+00,2023/04/07 20:13:37+00,2023/03/21 20:13:37+00,1,1700 - 1799 BLOCK OF 17TH STREET NE,20002,5
155,S0000,Abandoned Vehicle - On Public Property,2023/03/21 20:14:35+00,2023/04/06 16:51:05+00,2023/04/07 20:14:35+00,2023/03/21 20:14:35+00,1,1238 SAVANNAH STREET SE,20032,8
156,S0000,Abandoned Vehicle - On Public Property,2023/03/21 21:39:56+00,2023/04/06 14:21:03+00,2023/04/07 21:39:55+00,2023/03/21 21:39:56+00,1,15 TODD PLACE NE,20002,5
157,S0000,Abandoned Vehicle - On Public Property,2023/03/21 23:40:35+00,2023/03/22 15:42:05+00,2023/04/07 23:40:35+00,2023/03/21 23:40:35+00,1,604 12TH STREET NE,20002,6
158,S0000,Abandoned Vehicle - On Public Property,2023/03/22 05:13:14+00,2023/04/04 13:00:05+00,2023/04/10 05:13:14+00,2023/03/22 05:13:14+00,1,391 MORSE STREET NE,20002,5
159,S0000,Abandoned Vehicle - On Public Property,2023/03/21 22:42:32+00,2023/04/07 19:51:05+00,2023/04/07 22:42:32+00,2023/03/21 22:42:32+00,1,3801 COMMODORE JOSHUA BARNEY DRIVE NE,20018,5
160,S0000,Abandoned Vehicle - On Public Property,2023/03/21 22:47:42+00,2023/04/10 13:16:28+00,2023/04/07 22:47:42+00,2023/03/21 22:47:42+00,1,3803 COMMODORE JOSHUA BARNEY DRIVE NE,20018,5
161,S0000,Abandoned Vehicle - On Public Property,2023/03/21 23:46:32+00,2023/03/22 15:51:19+00,2023/04/07 23:46:32+00,2023/03/21 23:46:32+00,1,1108 G STREET NE,20002,6
162,S0000,Abandoned Vehicle - On Public Property,2023/03/22 12:22:46+00,2023/03/23 16:57:06+00,2023/04/10 12:22:46+00,2023/03/22 12:22:46+00,1,1308 L STREET SE,20003,6
164,S0000,Abandoned Vehicle - On Public Property,2023/03/22 11:50:31+00,2023/03/22 12:10:03+00,2023/04/10 11:50:30+00,2023/03/22 11:50:31+00,1,1510 ISHERWOOD STREET NE,20002,7
165,S0000,Abandoned Vehicle - On Public Property,2023/03/22 12:48:04+00,2023/03/30 15:12:13+00,2023/04/10 12:48:04+00,2023/03/22 12:48:04+00,1,230 - 499 BLOCK OF 37TH STREET SE,20019,7
166,S0000,Abandoned Vehicle - On Public Property,2023/03/22 13:13:06+00,2023/03/22 18:15:17+00,2023/04/10 13:13:06+00,2023/03/22 13:13:06+00,1,3565 6TH STREET NW,20010,1
167,S0000,Abandoned Vehicle - On Public Property,2023/03/22 13:18:06+00,2023/03/31 16:15:04+00,2023/04/10 13:18:06+00,2023/03/22 13:18:06+00,1,132 DANBURY STREET SW,20032,8
168,S0000,Abandoned Vehicle - On Public Property,2023/03/22 13:39:29+00,2023/03/30 16:57:12+00,2023/04/10 13:39:29+00,2023/03/22 13:39:29+00,1,2 - 251 BLOCK OF MALCOLM X AVENUE SE,20032,8
169,S0000,Abandoned Vehicle - On Public Property,2023/03/22 14:20:26+00,2023/03/24 12:29:56+00,2023/04/10 15:39:56+00,2023/03/22 14:20:26+00,1,17TH STREET NE AND GALES PLACE NE,20002,7
170,S0000,Abandoned Vehicle - On Public Property,2023/03/22 14:20:44+00,2023/04/06 18:12:08+00,2023/04/10 14:20:43+00,2023/03/22 14:20:44+00,1,3220 HIGHWOOD DRIVE SE,20020,7
171,S0000,Abandoned Vehicle - On Public Property,2023/03/22 14:55:30+00,2023/03/27 19:03:06+00,2023/04/10 14:55:30+00,2023/03/22 14:55:30+00,1,3927 5TH STREET NW,20011,4
172,S0000,Abandoned Vehicle - On Public Property,2023/03/22 15:07:32+00,2023/04/12 18:12:04+00,2023/04/10 15:07:32+00,2023/03/22 15:07:32+00,1,404 59TH STREET NE,20019,7
173,S0000,Abandoned Vehicle - On Public Property,2023/03/22 15:12:48+00,2023/03/27 19:00:05+00,2023/04/10 15:12:48+00,2023/03/22 15:12:48+00,1,224 MISSISSIPPI AVENUE SE,20032,8
174,S0000,Abandoned Vehicle - On Public Property,2023/03/22 16:17:09+00,2023/04/07 14:39:04+00,2023/04/10 16:17:09+00,2023/03/22 16:17:09+00,1,1911 SAVANNAH STREET SE,20020,8
175,S0000,Abandoned Vehicle - On Public Property,2023/03/22 15:15:36+00,2023/04/03 15:42:14+00,2023/04/10 15:15:36+00,2023/03/22 15:15:36+00,1,1251 OAK DRIVE SE,20032,8
176,S0000,Abandoned Vehicle - On Public Property,2023/03/22 15:17:03+00,2023/04/11 17:42:05+00,2023/04/10 15:17:03+00,2023/03/22 15:17:03+00,1,204 WAYNE PLACE SE,20032,8
177,S0000,Abandoned Vehicle - On Public Property,2023/03/22 15:20:16+00,2023/04/06 14:21:16+00,2023/04/10 15:20:16+00,2023/03/22 15:20:16+00,1,1251 OAK DRIVE SE,20032,8
178,S0000,Abandoned Vehicle - On Public Property,2023/03/22 15:26:05+00,2023/03/30 17:30:05+00,2023/04/10 15:26:05+00,2023/03/22 15:26:05+00,1,501 6TH STREET SW,20024,6
179,S0000,Abandoned Vehicle - On Public Property,2023/03/22 15:30:37+00,2023/03/28 14:45:05+00,2023/04/10 15:30:37+00,2023/03/22 15:30:37+00,1,1735 FRASER COURT NW,20009,2
180,S0000,Abandoned Vehicle - On Public Property,2023/03/22 15:31:41+00,2023/03/22 16:06:06+00,2023/04/10 15:31:41+00,2023/03/22 15:31:41+00,1,1219 K STREET NE,20002,6
181,S0000,Abandoned Vehicle - On Public Property,2023/03/22 15:40:18+00,2023/03/22 17:39:04+00,2023/04/10 15:40:18+00,2023/03/22 15:40:18+00,1,5105 3RD STREET NW,20011,4
183,S0000,Abandoned Vehicle - On Public Property,2023/03/22 16:30:04+00,2023/03/24 16:36:05+00,2023/04/10 16:30:04+00,2023/03/22 16:30:04+00,1,711 4TH STREET NW,20001,6
184,S0000,Abandoned Vehicle - On Public Property,2023/03/22 16:40:58+00,2023/04/04 18:03:13+00,2023/04/10 16:40:58+00,2023/03/22 16:40:58+00,1,5033 10TH STREET NE,20017,5
185,S0000,Abandoned Vehicle - On Public Property,2023/03/22 17:11:33+00,2023/03/28 13:51:05+00,2023/04/10 17:11:33+00,2023/03/22 17:11:33+00,1,2820 HARTFORD STREET SE,20020,8
186,S0000,Abandoned Vehicle - On Public Property,2023/03/22 17:34:05+00,2023/03/24 17:06:07+00,2023/04/10 17:34:05+00,2023/03/22 17:34:05+00,1,700 51ST STREET NE,20019,7
187,S0000,Abandoned Vehicle - On Public Property,2023/03/22 18:46:36+00,2023/03/28 16:09:13+00,2023/04/10 18:46:36+00,2023/03/22 18:46:36+00,1,405 10TH STREET NE,20002,6
188,S0000,Abandoned Vehicle - On Public Property,2023/03/22 18:47:40+00,2023/03/28 15:21:38+00,2023/04/10 18:47:40+00,2023/03/22 18:47:40+00,1,1418 CORCORAN STREET NW,20009,2
189,S0000,Abandoned Vehicle - On Public Property,2023/03/22 18:48:42+00,2023/04/04 19:09:05+00,2023/04/10 18:48:42+00,2023/03/22 18:48:42+00,1,1721 GIRARD STREET NE,20018,5
190,S0000,Abandoned Vehicle - On Public Property,2023/03/22 17:19:50+00,2023/03/23 16:51:05+00,2023/04/10 17:19:50+00,2023/03/22 17:19:50+00,1,8 4TH STREET SE,20003,6
191,S0000,Abandoned Vehicle - On Public Property,2023/03/22 19:02:02+00,2023/04/07 15:30:21+00,2023/04/10 19:02:02+00,2023/03/22 19:02:02+00,1,36TH STREET SE AND CROFFUT PLACE SE,20019,7
192,S0000,Abandoned Vehicle - On Public Property,2023/03/22 20:56:26+00,2023/03/29 17:06:05+00,2023/04/10 20:56:26+00,2023/03/22 20:56:26+00,1,713 VAN BUREN STREET NW,20012,4
193,S0000,Abandoned Vehicle - On Public Property,2023/03/22 22:02:39+00,2023/03/23 14:21:08+00,2023/04/10 22:02:39+00,2023/03/22 22:02:39+00,1,1500 V STREET SE,20020,8
195,S0000,Abandoned Vehicle - On Public Property,2023/03/23 01:13:07+00,2023/04/12 14:51:13+00,2023/04/11 01:13:07+00,2023/03/23 01:13:07+00,1,250 GALLATIN STREET NW,20011,4
196,S0000,Abandoned Vehicle - On Public Property,2023/03/22 18:50:33+00,2023/04/03 15:51:25+00,2023/04/10 18:50:33+00,2023/03/22 18:50:33+00,1,812 JEFFERSON STREET NW,20011,4
197,S0000,Abandoned Vehicle - On Public Property,2023/03/22 20:05:24+00,2023/03/30 14:57:09+00,2023/04/10 20:05:24+00,2023/03/22 20:05:24+00,1,3449 MINNESOTA AVENUE SE,20019,7
198,S0000,Abandoned Vehicle - On Public Property,2023/03/22 20:28:21+00,2023/03/29 17:36:05+00,2023/04/10 20:28:21+00,2023/03/22 20:28:21+00,1,6701 PINEY BRANCH ROAD NW,20012,4
199,S0000,Abandoned Vehicle - On Public Property,2023/03/22 21:00:15+00,2023/04/14 13:12:23+00,2023/04/10 21:00:15+00,2023/03/22 21:00:15+00,1,328 56TH STREET NE,20019,7
201,S0000,Abandoned Vehicle - On Public Property,2023/03/22 21:20:25+00,2023/03/27 16:24:05+00,2023/04/10 21:20:25+00,2023/03/22 21:20:25+00,1,1722 IRVING STREET NW,20010,1
202,S0000,Abandoned Vehicle - On Public Property,2023/03/22 21:28:53+00,2023/03/28 12:39:00+00,2023/04/10 21:28:53+00,2023/03/22 21:28:53+00,1,2209 U PLACE SE,20020,8
204,S0000,Abandoned Vehicle - On Public Property,2023/03/23 03:25:56+00,2023/03/30 16:54:05+00,2023/04/11 03:25:56+00,2023/03/23 03:25:56+00,1,1000 - 1299 BLOCK OF MISSISSIPPI AVENUE SE,20032,8
205,S0000,Abandoned Vehicle - On Public Property,2023/03/23 11:07:44+00,2023/03/28 16:45:05+00,2023/04/11 11:07:44+00,2023/03/23 11:07:44+00,1,1401 CONSTITUTION AVENUE NW,20230,2
206,S0000,Abandoned Vehicle - On Public Property,2023/03/23 11:15:04+00,2023/04/14 16:15:05+00,2023/04/11 11:15:03+00,2023/03/23 11:15:04+00,1,5104 8TH STREET NW,20011,4
207,S0000,Abandoned Vehicle - On Public Property,2023/03/23 11:24:32+00,2023/03/29 15:45:05+00,2023/04/11 11:24:32+00,2023/03/23 11:24:32+00,1,103 RITTENHOUSE STREET NE,20011,4
208,S0000,Abandoned Vehicle - On Public Property,2023/03/23 12:03:04+00,2023/04/03 17:06:22+00,2023/04/11 12:03:03+00,2023/03/23 12:03:04+00,1,200 - 229 BLOCK OF 16TH STREET SE,20003,7
209,S0000,Abandoned Vehicle - On Public Property,2023/03/23 13:44:31+00,2023/03/27 16:48:14+00,2023/04/11 13:44:31+00,2023/03/23 13:44:31+00,1,128 56TH STREET SE,20019,7
210,S0000,Abandoned Vehicle - On Public Property,2023/03/23 14:33:51+00,2023/03/28 14:12:05+00,2023/04/11 14:33:51+00,2023/03/23 14:33:51+00,1,5400 BASS PLACE SE,20019,7
211,S0000,Abandoned Vehicle - On Public Property,2023/03/23 15:13:38+00,2023/03/29 18:15:05+00,2023/04/11 15:13:38+00,2023/03/23 15:13:38+00,1,FLORAL STREET NW AND 12TH STREET NW,20012,4
212,S0000,Abandoned Vehicle - On Public Property,2023/03/23 15:13:40+00,2023/03/23 17:12:05+00,2023/04/11 15:13:40+00,2023/03/23 15:13:40+00,1,713 BRANDYWINE STREET SE,20032,8
213,S0000,Abandoned Vehicle - On Public Property,2023/03/23 16:17:03+00,2023/03/29 16:57:06+00,2023/04/11 16:17:03+00,2023/03/23 16:17:03+00,1,1700 - 1799 BLOCK OF GALES PLACE NE,20002,7
214,S0000,Abandoned Vehicle - On Public Property,2023/03/23 13:16:52+00,2023/03/27 13:51:05+00,2023/04/11 13:16:52+00,2023/03/23 13:16:52+00,1,3417 15TH STREET SE,20032,8
216,S0000,Abandoned Vehicle - On Public Property,2023/03/23 16:05:58+00,2023/04/04 17:06:04+00,2023/04/11 16:05:58+00,2023/03/23 16:05:58+00,1,1915 SHEPHERD STREET NE,20018,5
217,S0000,Abandoned Vehicle - On Public Property,2023/03/23 16:46:25+00,2023/04/04 13:21:05+00,2023/04/11 16:46:25+00,2023/03/23 16:46:25+00,1,226 SEATON PLACE NE,20002,5
218,S0000,Abandoned Vehicle - On Public Property,2023/03/23 16:46:39+00,2023/03/30 14:12:05+00,2023/04/11 16:46:39+00,2023/03/23 16:46:39+00,1,1320 MISSISSIPPI AVENUE SE,20032,8
219,S0000,Abandoned Vehicle - On Public Property,2023/03/23 17:15:03+00,2023/04/10 13:34:40+00,2023/04/11 17:15:03+00,2023/03/23 17:15:03+00,1,600 - 799 BLOCK OF 11TH STREET SE,20003,6
221,S0000,Abandoned Vehicle - On Public Property,2023/03/23 17:40:39+00,2023/03/25 11:19:30+00,2023/04/11 17:40:39+00,2023/03/23 17:40:39+00,1,1916 13TH STREET SE,20020,8
222,S0000,Abandoned Vehicle - On Public Property,2023/03/23 17:42:29+00,2023/04/03 15:09:06+00,2023/04/11 17:42:29+00,2023/03/23 17:42:29+00,1,5500  - 5599 BLOCK OF 5TH STREET NW,20011,4
223,S0000,Abandoned Vehicle - On Public Property,2023/03/23 17:44:35+00,2023/03/28 14:36:06+00,2023/04/11 17:44:35+00,2023/03/23 17:44:35+00,1,725 46TH STREET SE,20019,7
224,S0000,Abandoned Vehicle - On Public Property,2023/03/23 16:34:33+00,2023/03/29 16:00:06+00,2023/04/11 16:34:33+00,2023/03/23 16:34:33+00,1,1416 G STREET SE,20003,6
225,S0000,Abandoned Vehicle - On Public Property,2023/03/23 16:35:03+00,2023/03/29 16:57:07+00,2023/04/11 16:35:03+00,2023/03/23 16:35:03+00,1,1700 - 1799 BLOCK OF GALES PLACE NE,20002,7
228,S0000,Abandoned Vehicle - On Public Property,2023/03/23 19:51:36+00,2023/03/30 19:00:13+00,2023/04/11 19:51:36+00,2023/03/23 19:51:36+00,1,1218 LONGFELLOW STREET NW,20011,4
229,S0000,Abandoned Vehicle - On Public Property,2023/03/23 21:11:09+00,2023/03/28 19:09:05+00,2023/04/11 21:11:09+00,2023/03/23 21:11:09+00,1,4423 GAULT PLACE NE,20019,7
230,S0000,Abandoned Vehicle - On Public Property,2023/03/23 21:13:20+00,2023/03/28 19:09:05+00,2023/04/11 21:13:20+00,2023/03/23 21:13:20+00,1,4423 GAULT PLACE NE,20019,7
231,S0000,Abandoned Vehicle - On Public Property,2023/03/23 21:48:44+00,2023/03/28 19:09:05+00,2023/04/11 21:48:44+00,2023/03/23 21:48:44+00,1,4423 GAULT PLACE NE,20019,7
232,S0000,Abandoned Vehicle - On Public Property,2023/03/23 22:09:15+00,2023/04/06 14:18:27+00,2023/04/11 22:09:15+00,2023/03/23 22:09:15+00,1,2122 24TH PLACE NE,20018,5
233,S0000,Abandoned Vehicle - On Public Property,2023/03/24 00:13:32+00,2023/04/06 15:18:06+00,2023/04/12 00:13:32+00,2023/03/24 00:13:32+00,1,3600 - 3709 BLOCK OF BANGOR STREET SE,20020,7
234,S0000,Abandoned Vehicle - On Public Property,2023/03/23 21:21:00+00,2023/03/29 16:06:05+00,2023/04/11 21:21:00+00,2023/03/23 21:21:00+00,1,523 11TH STREET SE,20003,6
235,S0000,Abandoned Vehicle - On Public Property,2023/03/23 21:39:12+00,2023/03/28 12:49:51+00,2023/04/11 21:39:12+00,2023/03/23 21:39:12+00,1,1300 - 1500 BLOCK OF MISSISSIPPI AVENUE SE,20032,8
236,S0000,Abandoned Vehicle - On Public Property,2023/03/23 21:43:00+00,2023/03/28 15:21:14+00,2023/04/11 21:43:00+00,2023/03/23 21:43:00+00,1,2145 DECATUR PLACE NW,20008,2
237,S0000,Abandoned Vehicle - On Public Property,2023/03/24 11:40:17+00,2023/03/30 18:24:05+00,2023/04/12 11:40:17+00,2023/03/24 11:40:17+00,1,5601 13TH STREET NW,20011,4
239,S0000,Abandoned Vehicle - On Public Property,2023/03/24 13:34:13+00,2023/03/28 16:42:17+00,2023/04/12 13:34:13+00,2023/03/24 13:34:13+00,1,4350 H STREET SE,20019,7
240,S0000,Abandoned Vehicle - On Public Property,2023/03/24 14:49:31+00,2023/04/12 18:24:05+00,2023/04/12 14:49:31+00,2023/03/24 14:49:31+00,1,4600 - 4699 BLOCK OF QUARLES STREET NE,20019,7
241,S0000,Abandoned Vehicle - On Public Property,2023/03/24 17:04:57+00,2023/03/29 16:21:05+00,2023/04/12 17:04:56+00,2023/03/24 17:04:57+00,1,6300  - 6399 BLOCK OF KANSAS AVENUE NE,20011,4
242,S0000,Abandoned Vehicle - On Public Property,2023/03/24 14:28:02+00,2023/04/12 18:03:05+00,2023/04/12 14:28:02+00,2023/03/24 14:28:02+00,1,4716 QUARLES STREET NE,20019,7
243,S0000,Abandoned Vehicle - On Public Property,2023/03/24 14:28:48+00,2023/04/12 18:00:06+00,2023/04/12 14:28:48+00,2023/03/24 14:28:48+00,1,4718 QUARLES STREET NE,20019,7
244,S0000,Abandoned Vehicle - On Public Property,2023/03/24 14:29:29+00,2023/04/12 18:06:26+00,2023/04/12 14:29:29+00,2023/03/24 14:29:29+00,1,4704 QUARLES STREET NE,20019,7
245,S0000,Abandoned Vehicle - On Public Property,2023/03/24 17:32:03+00,2023/03/27 13:15:05+00,2023/04/12 17:32:03+00,2023/03/24 17:32:03+00,1,1907 - 2329 BLOCK OF GOOD HOPE ROAD SE,20020,8
246,S0000,Abandoned Vehicle - On Public Property,2023/03/24 17:57:38+00,2023/03/27 13:12:05+00,2023/04/12 17:57:38+00,2023/03/24 17:57:38+00,1,2210 U PLACE SE,20020,8
247,S0000,Abandoned Vehicle - On Public Property,2023/03/24 18:22:40+00,2023/03/28 13:48:17+00,2023/04/12 18:22:40+00,2023/03/24 18:22:40+00,1,3131 CHAIN BRIDGE ROAD NW,20016,3
248,S0000,Abandoned Vehicle - On Public Property,2023/03/24 20:18:32+00,2023/03/31 19:06:14+00,2023/04/12 20:18:32+00,2023/03/24 20:18:32+00,1,25 52ND STREET SE,20019,7
249,S0000,Abandoned Vehicle - On Public Property,2023/03/24 21:01:58+00,2023/03/27 13:39:05+00,2023/04/12 21:01:58+00,2023/03/24 21:01:58+00,1,1509 W STREET SE,20020,8
250,S0000,Abandoned Vehicle - On Public Property,2023/03/24 20:53:20+00,2023/03/28 16:42:07+00,2023/04/12 20:53:20+00,2023/03/24 20:53:20+00,1,12TH STREET NE AND MARYLAND AVENUE NE,20002,6
251,S0000,Abandoned Vehicle - On Public Property,2023/03/24 21:34:22+00,2023/03/30 18:27:05+00,2023/04/12 21:34:22+00,2023/03/24 21:34:22+00,1,1063 44TH STREET NE,20019,7
252,S0000,Abandoned Vehicle - On Public Property,2023/03/24 23:19:11+00,2023/03/27 14:00:05+00,2023/04/12 23:19:11+00,2023/03/24 23:19:11+00,1,433 PARK ROAD NW,20010,1
253,S0000,Abandoned Vehicle - On Public Property,2023/03/24 23:28:56+00,2023/03/31 12:54:25+00,2023/04/12 23:28:56+00,2023/03/24 23:28:56+00,1,926 GALLATIN STREET NW,20011,4
254,S0000,Abandoned Vehicle - On Public Property,2023/03/25 19:20:05+00,2023/03/29 17:54:06+00,2023/04/12 19:20:05+00,2023/03/25 19:20:05+00,1,6716 LUZON AVENUE NW,20012,4
255,S0000,Abandoned Vehicle - On Public Property,2023/03/25 19:45:45+00,2023/04/14 15:00:05+00,2023/04/12 19:45:45+00,2023/03/25 19:45:45+00,1,4119 GAULT PLACE NE,20019,7
256,S0000,Abandoned Vehicle - On Public Property,2023/03/26 01:00:14+00,2023/03/30 15:51:06+00,2023/04/13 01:00:14+00,2023/03/26 01:00:14+00,1,GALES STREET NE AND 17TH STREET NE,20002,7
258,S0000,Abandoned Vehicle - On Public Property,2023/03/25 20:19:56+00,2023/03/28 12:12:14+00,2023/04/12 20:19:56+00,2023/03/25 20:19:56+00,1,68 SHERIDAN STREET NE,20011,4
261,S0000,Abandoned Vehicle - On Public Property,2023/03/26 12:59:55+00,2023/03/31 17:21:04+00,2023/04/12 12:59:55+00,2023/03/26 12:59:55+00,1,1313 45TH PLACE NE,20019,7
262,S0000,Abandoned Vehicle - On Public Property,2023/03/26 15:48:21+00,2023/03/29 15:42:11+00,2023/04/12 15:48:21+00,2023/03/26 15:48:21+00,1,2936 SOUTHERN AVENUE SE,20020,8
263,S0000,Abandoned Vehicle - On Public Property,2023/03/26 15:52:57+00,2023/03/29 15:36:13+00,2023/04/12 15:52:57+00,2023/03/26 15:52:57+00,1,2928 SOUTHERN AVENUE SE,20020,8
264,S0000,Abandoned Vehicle - On Public Property,2023/03/26 15:57:27+00,2023/03/29 15:36:13+00,2023/04/12 15:57:27+00,2023/03/26 15:57:27+00,1,2928 SOUTHERN AVENUE SE,20020,8
265,S0000,Abandoned Vehicle - On Public Property,2023/03/26 17:19:00+00,2023/03/29 13:01:29+00,2023/04/12 17:18:59+00,2023/03/26 17:19:00+00,1,2324 39TH STREET NW,20007,3
266,S0000,Abandoned Vehicle - On Public Property,2023/03/26 17:25:59+00,2023/04/04 17:15:06+00,2023/04/12 17:25:59+00,2023/03/26 17:25:59+00,1,1000 TAUSSIG PLACE NE,20017,5
267,S0000,Abandoned Vehicle - On Public Property,2023/03/26 21:19:36+00,2023/04/03 17:09:08+00,2023/04/12 21:19:36+00,2023/03/26 21:19:36+00,1,206 16TH STREET SE,20003,7
268,S0000,Abandoned Vehicle - On Public Property,2023/03/26 21:21:48+00,2023/04/06 16:21:04+00,2023/04/12 21:21:48+00,2023/03/26 21:21:48+00,1,2121 34TH STREET SE,20020,7
269,S0000,Abandoned Vehicle - On Public Property,2023/03/26 21:41:48+00,2023/04/06 14:15:22+00,2023/04/12 21:41:48+00,2023/03/26 21:41:48+00,1,19 V STREET NE,20002,5
270,S0000,Abandoned Vehicle - On Public Property,2023/03/26 22:20:21+00,2023/03/28 15:36:22+00,2023/04/12 22:20:21+00,2023/03/26 22:20:21+00,1,742 HILLTOP TERRACE SE,20019,7
271,S0000,Abandoned Vehicle - On Public Property,2023/03/26 16:28:17+00,2023/04/03 14:15:14+00,2023/04/12 16:28:17+00,2023/03/26 16:28:17+00,1,6400 EASTERN AVENUE NE,20012,4
272,S0000,Abandoned Vehicle - On Public Property,2023/03/26 17:31:34+00,2023/04/04 17:15:06+00,2023/04/12 17:31:34+00,2023/03/26 17:31:34+00,1,1000 TAUSSIG PLACE NE,20017,5
274,S0000,Abandoned Vehicle - On Public Property,2023/03/26 23:10:11+00,2023/04/10 15:30:07+00,2023/04/12 23:10:11+00,2023/03/26 23:10:11+00,1,2116 R STREET NE,20002,5
275,S0000,Abandoned Vehicle - On Public Property,2023/03/27 11:15:00+00,2023/04/03 15:24:05+00,2023/04/13 11:15:00+00,2023/03/27 11:15:00+00,1,819 MARIETTA PLACE NW,20011,4
277,S0000,Abandoned Vehicle - On Public Property,2023/03/27 10:37:35+00,2023/04/12 18:24:06+00,2023/04/13 10:37:34+00,2023/03/27 10:37:35+00,1,4600 - 4699 BLOCK OF QUARLES STREET NE,20019,7
278,S0000,Abandoned Vehicle - On Public Property,2023/03/27 12:19:33+00,2023/03/29 16:15:05+00,2023/04/13 12:19:33+00,2023/03/27 12:19:33+00,1,2231 HUNTER PLACE SE,20020,8
279,S0000,Abandoned Vehicle - On Public Property,2023/03/27 12:40:32+00,2023/03/28 12:43:59+00,2023/04/13 12:40:32+00,2023/03/27 12:40:32+00,1,2336 PARK PLACE SE,20020,8
280,S0000,Abandoned Vehicle - On Public Property,2023/03/27 12:47:35+00,2023/03/31 13:51:04+00,2023/04/13 12:47:35+00,2023/03/27 12:47:35+00,1,2430 IRVING STREET SE,20020,8
281,S0000,Abandoned Vehicle - On Public Property,2023/03/27 13:53:54+00,2023/03/29 18:36:04+00,2023/04/13 13:53:54+00,2023/03/27 13:53:54+00,1,7530 12TH STREET NW,20012,4
282,S0000,Abandoned Vehicle - On Public Property,2023/03/27 14:16:54+00,2023/03/29 13:02:53+00,2023/04/13 14:16:53+00,2023/03/27 14:16:54+00,1,4608 FOXHALL CRESCENT NW,20007,3
283,S0000,Abandoned Vehicle - On Public Property,2023/03/27 14:22:47+00,2023/04/10 17:24:05+00,2023/04/13 14:22:47+00,2023/03/27 14:22:47+00,1,523 59TH STREET NE,20019,7
285,S0000,Abandoned Vehicle - On Public Property,2023/03/27 13:24:30+00,2023/03/29 12:53:31+00,2023/04/13 15:01:01+00,2023/03/27 13:24:30+00,1,221 PENNSYLVANIA AVENUE SE,20003,6
286,S0000,Abandoned Vehicle - On Public Property,2023/03/27 13:29:54+00,2023/03/29 12:52:44+00,2023/04/13 14:48:16+00,2023/03/27 13:29:54+00,1,133 7TH STREET SE,20003,6
287,S0000,Abandoned Vehicle - On Public Property,2023/03/27 14:30:19+00,2023/03/30 20:45:14+00,2023/04/13 14:30:19+00,2023/03/27 14:30:19+00,1,4600 - 4699 BLOCK OF SARGENT ROAD NE,20017,5
289,S0000,Abandoned Vehicle - On Public Property,2023/03/27 15:59:05+00,2023/03/30 20:45:05+00,2023/04/13 15:59:05+00,2023/03/27 15:59:05+00,1,1401 MICHIGAN AVENUE NE,20017,5
290,S0000,Abandoned Vehicle - On Public Property,2023/03/27 16:37:47+00,2023/03/29 17:15:05+00,2023/04/13 16:37:47+00,2023/03/27 16:37:47+00,1,6600  - 6699 BLOCK OF 7TH PLACE NW,20012,4
291,S0000,Abandoned Vehicle - On Public Property,2023/03/27 15:23:14+00,2023/03/28 15:21:30+00,2023/04/13 15:23:14+00,2023/03/27 15:23:14+00,1,1526 14TH STREET NW,20005,2
292,S0000,Abandoned Vehicle - On Public Property,2023/03/27 15:33:50+00,2023/04/10 15:51:05+00,2023/04/13 15:33:50+00,2023/03/27 15:33:50+00,1,3118 CENTRAL AVENUE NE,20018,5
294,S0000,Abandoned Vehicle - On Public Property,2023/03/27 15:41:19+00,2023/04/07 15:42:07+00,2023/04/13 15:41:19+00,2023/03/27 15:41:19+00,1,200 36TH STREET SE,20019,7
295,S0000,Abandoned Vehicle - On Public Property,2023/03/27 16:23:33+00,2023/03/30 20:30:06+00,2023/04/13 16:23:33+00,2023/03/27 16:23:33+00,1,1318 W STREET NE,20018,5
296,S0000,Abandoned Vehicle - On Public Property,2023/03/27 17:38:59+00,2023/03/29 16:09:21+00,2023/04/13 17:38:59+00,2023/03/27 17:38:59+00,1,2010 MISSISSIPPI AVENUE SE,20020,8
298,S0000,Abandoned Vehicle - On Public Property,2023/03/27 18:06:01+00,2023/03/28 15:45:05+00,2023/04/13 18:06:01+00,2023/03/27 18:06:01+00,1,223 15TH STREET SE,20003,6
299,S0000,Abandoned Vehicle - On Public Property,2023/03/27 19:24:43+00,2023/03/28 15:57:05+00,2023/04/13 19:24:43+00,2023/03/27 19:24:43+00,1,500 - 511 BLOCK OF HILLTOP TERRACE SE,20019,7
300,S0000,Abandoned Vehicle - On Public Property,2023/03/27 19:16:15+00,2023/03/30 13:54:04+00,2023/04/13 19:16:15+00,2023/03/27 19:16:15+00,1,1322 MISSISSIPPI AVENUE SE,20032,8
301,S0000,Abandoned Vehicle - On Public Property,2023/03/27 20:37:56+00,2023/04/06 15:45:20+00,2023/04/13 20:37:56+00,2023/03/27 20:37:56+00,1,ALABAMA AVENUE SE AND 32ND STREET SE,20020,7
302,S0000,Abandoned Vehicle - On Public Property,2023/03/27 20:44:20+00,2023/04/07 17:36:05+00,2023/04/13 20:44:20+00,2023/03/27 20:44:20+00,1,3238 T STREET SE,20020,7
303,S0000,Abandoned Vehicle - On Public Property,2023/03/27 21:02:52+00,2023/04/07 16:51:04+00,2023/04/13 21:02:52+00,2023/03/27 21:02:52+00,1,2250 38TH STREET SE,20020,7
304,S0000,Abandoned Vehicle - On Public Property,2023/03/27 21:12:15+00,2023/03/29 14:09:05+00,2023/04/13 21:12:15+00,2023/03/27 21:12:15+00,1,2382 ELVANS ROAD SE,20020,8
305,S0000,Abandoned Vehicle - On Public Property,2023/03/27 21:55:56+00,2023/03/28 15:21:06+00,2023/04/13 21:55:56+00,2023/03/27 21:55:56+00,1,15TH STREET NW AND P STREET NW,20005,2
306,S0000,Abandoned Vehicle - On Public Property,2023/03/27 23:47:49+00,2023/03/29 12:34:15+00,2023/04/13 23:47:49+00,2023/03/27 23:47:49+00,1,1111 FAIRMONT STREET NW,20009,1
309,S0000,Abandoned Vehicle - On Public Property,2023/03/27 22:47:00+00,2023/04/05 18:15:05+00,2023/04/13 22:47:00+00,2023/03/27 22:47:00+00,1,604 MELLON STREET SE,20032,8
310,S0000,Abandoned Vehicle - On Public Property,2023/03/27 22:50:08+00,2023/04/14 19:15:07+00,2023/04/13 22:50:07+00,2023/03/27 22:50:08+00,1,1417 ORREN STREET NE,20002,5
311,S0000,Abandoned Vehicle - On Public Property,2023/03/27 23:07:31+00,2023/03/28 16:36:05+00,2023/04/13 23:07:31+00,2023/03/27 23:07:31+00,1,1224 I STREET SE,20003,6
312,S0000,Abandoned Vehicle - On Public Property,2023/03/27 23:36:49+00,2023/04/11 17:42:05+00,2023/04/13 23:36:49+00,2023/03/27 23:36:49+00,1,204 WAYNE PLACE SE,20032,8
313,S0000,Abandoned Vehicle - On Public Property,2023/03/28 02:02:42+00,2023/03/30 20:36:16+00,2023/04/14 02:02:42+00,2023/03/28 02:02:42+00,1,1715 EVARTS STREET NE,20018,5
314,S0000,Abandoned Vehicle - On Public Property,2023/03/28 03:24:36+00,2023/03/28 15:41:42+00,2023/04/14 03:24:36+00,2023/03/28 03:24:36+00,1,336 ALLISON STREET NW,20011,4
315,S0000,Abandoned Vehicle - On Public Property,2023/03/28 12:06:39+00,2023/04/06 15:30:05+00,2023/04/14 12:06:39+00,2023/03/28 12:06:39+00,1,2310 34TH STREET SE,20020,7
316,S0000,Abandoned Vehicle - On Public Property,2023/03/28 12:12:20+00,2023/04/13 16:21:05+00,2023/04/14 12:12:20+00,2023/03/28 12:12:20+00,1,5340 AMES STREET NE,20019,7
317,S0000,Abandoned Vehicle - On Public Property,2023/03/28 13:14:16+00,2023/04/13 16:24:15+00,2023/04/14 13:14:16+00,2023/03/28 13:14:16+00,1,133 YUMA STREET SE,20032,8
319,S0000,Abandoned Vehicle - On Public Property,2023/03/28 13:55:47+00,2023/03/30 19:00:06+00,2023/04/14 13:55:47+00,2023/03/28 13:55:47+00,1,1220 LONGFELLOW STREET NW,20011,4
320,S0000,Abandoned Vehicle - On Public Property,2023/03/28 14:23:47+00,2023/03/30 20:33:07+00,2023/04/14 14:23:47+00,2023/03/28 14:23:47+00,1,17 GIRARD STREET NE,20002,5
323,S0000,Abandoned Vehicle - On Public Property,2023/03/28 12:25:10+00,2023/03/28 19:24:06+00,2023/04/14 12:25:10+00,2023/03/28 12:25:10+00,1,4TH STREET NW AND ALLISON STREET NW,20011,4
324,S0000,Abandoned Vehicle - On Public Property,2023/03/24 21:13:50+00,2023/03/28 12:52:57+00,2023/04/12 21:13:50+00,2023/03/24 21:13:50+00,1,3636 EVERETT STREET NW,20008,3
325,S0000,Abandoned Vehicle - On Public Property,2023/03/28 13:02:49+00,2023/04/03 15:51:35+00,2023/04/14 13:02:49+00,2023/03/28 13:02:49+00,1,28 15TH STREET SE,20003,7
326,S0000,Abandoned Vehicle - On Public Property,2023/03/28 13:09:17+00,2023/03/29 15:54:12+00,2023/04/14 13:09:17+00,2023/03/28 13:09:17+00,1,63 SHERIDAN STREET NE,20011,4
327,S0000,Abandoned Vehicle - On Public Property,2023/03/28 15:34:06+00,2023/03/28 18:21:16+00,2023/04/14 15:34:06+00,2023/03/28 15:34:06+00,1,4018 KANSAS AVENUE NW,20011,4
328,S0000,Abandoned Vehicle - On Public Property,2023/03/28 16:19:11+00,2023/03/30 16:15:06+00,2023/04/14 16:19:11+00,2023/03/28 16:19:11+00,1,E STREET NE AND 21ST STREET NE,20002,7
330,S0000,Abandoned Vehicle - On Public Property,2023/03/28 16:24:37+00,2023/03/29 13:42:04+00,2023/04/14 16:24:37+00,2023/03/28 16:24:37+00,1,2400 S STREET SE,20020,8
331,S0000,Abandoned Vehicle - On Public Property,2023/03/28 17:55:02+00,2023/03/28 18:21:07+00,2023/04/14 17:55:02+00,2023/03/28 17:55:02+00,1,900  - 904 BLOCK OF TAYLOR STREET NW,20011,4
333,S0000,Abandoned Vehicle - On Public Property,2023/03/28 20:38:32+00,2023/03/31 12:57:13+00,2023/04/14 20:38:32+00,2023/03/28 20:38:32+00,1,1622 HAMLIN STREET NE,20018,5
334,S0000,Abandoned Vehicle - On Public Property,2023/03/28 20:45:13+00,2023/03/29 15:51:07+00,2023/04/14 20:45:13+00,2023/03/28 20:45:13+00,1,213 14TH PLACE NE,20002,6
335,S0000,Abandoned Vehicle - On Public Property,2023/03/28 18:02:11+00,2023/03/29 15:51:18+00,2023/04/14 18:02:11+00,2023/03/28 18:02:11+00,1,215 14TH PLACE NE,20002,6
336,S0000,Abandoned Vehicle - On Public Property,2023/03/28 18:09:33+00,2023/04/03 18:09:05+00,2023/04/14 18:09:33+00,2023/03/28 18:09:33+00,1,6634 BARNABY STREET NW,20015,4
337,S0000,Abandoned Vehicle - On Public Property,2023/03/28 18:17:28+00,2023/04/10 16:42:14+00,2023/04/14 18:17:28+00,2023/03/28 18:17:28+00,1,1720 1ST STREET NE,20002,5
338,S0000,Abandoned Vehicle - On Public Property,2023/03/28 18:23:25+00,2023/03/30 15:57:15+00,2023/04/14 18:23:25+00,2023/03/28 18:23:25+00,1,1700 EAST CAPITOL STREET NE,20003,7
339,S0000,Abandoned Vehicle - On Public Property,2023/03/28 22:36:37+00,2023/03/29 22:13:12+00,2023/04/14 22:36:37+00,2023/03/28 22:36:37+00,1,1409 LONGFELLOW STREET NW,20011,4
340,S0000,Abandoned Vehicle - On Public Property,2023/03/28 22:48:38+00,2023/03/30 20:30:14+00,2023/04/14 22:48:38+00,2023/03/28 22:48:38+00,1,150 T STREET NE,20002,5
341,S0000,Abandoned Vehicle - On Public Property,2023/03/28 22:52:42+00,2023/04/03 16:30:05+00,2023/04/14 22:52:42+00,2023/03/28 22:52:42+00,1,3300 - 3399 BLOCK OF WATER STREET NW,20007,2
342,S0000,Abandoned Vehicle - On Public Property,2023/03/28 22:56:55+00,2023/03/31 15:45:05+00,2023/04/14 22:56:55+00,2023/03/28 22:56:55+00,1,2360 CHAMPLAIN STREET NW,20009,1
343,S0000,Abandoned Vehicle - On Public Property,2023/03/28 23:51:39+00,2023/03/31 18:21:12+00,2023/04/14 23:51:39+00,2023/03/28 23:51:39+00,1,749 VARNUM STREET NW,20011,4
344,S0000,Abandoned Vehicle - On Public Property,2023/03/28 23:58:41+00,2023/03/29 16:09:06+00,2023/04/14 23:58:41+00,2023/03/28 23:58:41+00,1,201 F STREET NE,20002,6
345,S0000,Abandoned Vehicle - On Public Property,2023/03/29 00:17:35+00,2023/03/31 18:24:05+00,2023/04/15 00:17:35+00,2023/03/29 00:17:35+00,1,336 ALLISON STREET NW,20011,4
346,S0000,Abandoned Vehicle - On Public Property,2023/03/29 01:57:22+00,2023/04/03 15:42:32+00,2023/04/18 01:57:22+00,2023/03/29 01:57:22+00,1,5622 9TH STREET NW,20011,4
347,S0000,Abandoned Vehicle - On Public Property,2023/03/29 12:22:08+00,2023/04/10 16:57:05+00,2023/04/18 12:22:07+00,2023/03/29 12:22:08+00,1,16 P STREET NE,20002,5
348,S0000,Abandoned Vehicle - On Public Property,2023/03/29 12:39:14+00,2023/03/31 18:06:05+00,2023/04/18 12:39:13+00,2023/03/29 12:39:14+00,1,900  - 904 BLOCK OF TAYLOR STREET NW,20011,4
349,S0000,Abandoned Vehicle - On Public Property,2023/03/29 13:47:35+00,2023/04/03 13:26:47+00,2023/04/18 13:47:35+00,2023/03/29 13:47:35+00,1,14TH STREET SW AND JEFFERSON DRIVE SW,20004,2
350,S0000,Abandoned Vehicle - On Public Property,2023/03/29 13:49:55+00,2023/04/04 12:41:59+00,2023/04/18 13:49:55+00,2023/03/29 13:49:55+00,1,MADISON DRIVE NW AND 14TH STREET NW,20004,2
351,S0000,Abandoned Vehicle - On Public Property,2023/03/29 14:14:20+00,2023/04/03 15:00:05+00,2023/04/18 14:14:20+00,2023/03/29 14:14:20+00,1,530 MADISON STREET NW,20011,4
352,S0000,Abandoned Vehicle - On Public Property,2023/03/29 14:45:36+00,2023/04/13 17:06:11+00,2023/04/18 14:45:35+00,2023/03/29 14:45:36+00,1,44TH STREET NE AND HAYES STREET NE,20019,7
353,S0000,Abandoned Vehicle - On Public Property,2023/03/29 15:12:32+00,2023/03/30 13:00:05+00,2023/04/18 15:12:32+00,2023/03/29 15:12:32+00,1,1521 28TH STREET SE,20020,7
354,S0000,Abandoned Vehicle - On Public Property,2023/03/29 15:28:04+00,2023/04/03 14:15:31+00,2023/04/18 15:28:04+00,2023/03/29 15:28:04+00,1,6216 NEW HAMPSHIRE AVENUE NE,20011,4
355,S0000,Abandoned Vehicle - On Public Property,2023/03/29 15:29:29+00,2023/04/04 12:39:51+00,2023/04/18 15:29:29+00,2023/03/29 15:29:29+00,1,3300 - 3599 BLOCK OF MILITARY ROAD NW,20015,3
356,S0000,Abandoned Vehicle - On Public Property,2023/03/29 15:45:54+00,2023/04/06 15:30:13+00,2023/04/18 15:45:54+00,2023/03/29 15:45:54+00,1,2333 34TH STREET SE,20020,7
360,S0000,Abandoned Vehicle - On Public Property,2023/03/29 15:26:24+00,2023/03/30 20:36:06+00,2023/04/18 15:26:23+00,2023/03/29 15:26:24+00,1,3121 NEWTON STREET NE,20018,5
361,S0000,Abandoned Vehicle - On Public Property,2023/03/29 17:07:21+00,2023/03/29 17:51:05+00,2023/04/18 17:07:21+00,2023/03/29 17:07:21+00,1,19TH PLACE SE AND U STREET SE,20020,8
362,S0000,Abandoned Vehicle - On Public Property,2023/03/29 17:27:30+00,2023/03/30 20:39:20+00,2023/04/18 17:27:30+00,2023/03/29 17:27:30+00,1,2105 4TH STREET NE,20002,5
363,S0000,Abandoned Vehicle - On Public Property,2023/03/29 18:33:19+00,2023/03/30 17:51:14+00,2023/04/18 18:33:19+00,2023/03/29 18:33:19+00,1,4428 GAULT PLACE NE,20019,7
364,S0000,Abandoned Vehicle - On Public Property,2023/03/29 18:50:29+00,2023/04/04 12:40:45+00,2023/04/18 18:50:29+00,2023/03/29 18:50:29+00,1,1500 17TH STREET NW,20036,2
365,S0000,Abandoned Vehicle - On Public Property,2023/03/29 19:14:17+00,2023/03/30 20:39:05+00,2023/04/18 19:14:17+00,2023/03/29 19:14:17+00,1,2509 QUEENS CHAPEL ROAD NE,20018,5
366,S0000,Abandoned Vehicle - On Public Property,2023/03/29 16:29:25+00,2023/03/31 15:30:13+00,2023/04/18 16:29:25+00,2023/03/29 16:29:25+00,1,2220 18TH STREET NW,20009,1
367,S0000,Abandoned Vehicle - On Public Property,2023/03/29 21:46:22+00,2023/04/14 16:06:06+00,2023/04/18 21:46:22+00,2023/03/29 21:46:22+00,1,5097 SHERIFF ROAD NE,20019,7
368,S0000,Abandoned Vehicle - On Public Property,2023/03/29 22:18:02+00,2023/03/31 18:39:05+00,2023/04/18 22:18:02+00,2023/03/29 22:18:02+00,1,GEORGIA AVENUE NW AND CRITTENDEN STREET NW,20011,4
370,S0000,Abandoned Vehicle - On Public Property,2023/03/29 22:40:14+00,2023/03/30 16:18:40+00,2023/04/18 22:40:14+00,2023/03/29 22:40:14+00,1,4350 H STREET SE,20019,7
371,S0000,Abandoned Vehicle - On Public Property,2023/03/29 23:46:38+00,2023/03/30 17:06:04+00,2023/04/18 23:46:38+00,2023/03/29 23:46:38+00,1,4810 C STREET SE,20019,7
372,S0000,Abandoned Vehicle - On Public Property,2023/03/30 02:56:16+00,2023/04/03 15:51:16+00,2023/04/19 02:56:16+00,2023/03/30 02:56:16+00,1,KINGMAN PLACE NW AND Q STREET NW,20009,2
373,S0000,Abandoned Vehicle - On Public Property,2023/03/30 14:16:12+00,2023/04/07 14:27:04+00,2023/04/19 14:16:12+00,2023/03/30 14:16:12+00,1,2100 - 2299 BLOCK OF E STREET NE,20002,7
374,S0000,Abandoned Vehicle - On Public Property,2023/03/30 14:26:34+00,2023/04/07 15:06:15+00,2023/04/19 14:26:34+00,2023/03/30 14:26:34+00,1,3436 EADS STREET NE,20019,7
375,S0000,Abandoned Vehicle - On Public Property,2023/03/30 15:52:12+00,2023/04/14 15:48:05+00,2023/04/19 15:52:12+00,2023/03/30 15:52:12+00,1,4308 NANNIE HELEN BURROUGHS AVENUE NE,20019,7
376,S0000,Abandoned Vehicle - On Public Property,2023/03/30 15:55:09+00,2023/04/13 16:51:05+00,2023/04/19 15:55:09+00,2023/03/30 15:55:09+00,1,805 44TH STREET NE,20019,7
377,S0000,Abandoned Vehicle - On Public Property,2023/03/30 15:57:38+00,2023/04/03 14:21:05+00,2023/04/19 15:57:38+00,2023/03/30 15:57:38+00,1,4515 Q LANE NW,20007,3
378,S0000,Abandoned Vehicle - On Public Property,2023/03/30 13:08:47+00,2023/03/31 11:56:32+00,2023/04/19 13:08:47+00,2023/03/30 13:08:47+00,1,2820 HARTFORD STREET SE,20020,8
380,S0000,Abandoned Vehicle - On Public Property,2023/03/30 13:55:10+00,2023/04/07 16:51:11+00,2023/04/19 13:55:10+00,2023/03/30 13:55:10+00,1,2200 38TH STREET SE,20020,7
382,S0000,Abandoned Vehicle - On Public Property,2023/03/30 13:57:16+00,2023/04/14 19:15:15+00,2023/04/19 13:57:16+00,2023/03/30 13:57:16+00,1,134 THOMAS STREET NW,20001,5
383,S0000,Abandoned Vehicle - On Public Property,2023/03/30 13:58:33+00,2023/04/07 14:21:04+00,2023/04/19 13:58:33+00,2023/03/30 13:58:33+00,1,500 21ST STREET NE,20002,7
384,S0000,Abandoned Vehicle - On Public Property,2023/03/30 13:57:02+00,2023/03/31 17:36:24+00,2023/04/19 13:57:02+00,2023/03/30 13:57:02+00,1,1823 Q STREET SE,20020,8
386,S0000,Abandoned Vehicle - On Public Property,2023/03/30 14:54:02+00,2023/04/03 13:28:13+00,2023/04/19 14:54:02+00,2023/03/30 14:54:02+00,1,500 - 599 BLOCK OF 17TH STREET NE,20002,7
387,S0000,Abandoned Vehicle - On Public Property,2023/03/30 15:18:18+00,2023/04/06 15:30:14+00,2023/04/19 15:18:18+00,2023/03/30 15:18:18+00,1,2333 34TH STREET SE,20020,7
390,S0000,Abandoned Vehicle - On Public Property,2023/03/30 16:30:52+00,2023/04/03 13:27:39+00,2023/04/19 16:30:52+00,2023/03/30 16:30:52+00,1,NEW JERSEY AVENUE NW AND H STREET NW,20001,6
391,S0000,Abandoned Vehicle - On Public Property,2023/03/30 17:42:59+00,2023/04/10 16:42:06+00,2023/04/19 17:42:59+00,2023/03/30 17:42:59+00,1,1710 1ST STREET NE,20002,5
392,S0000,Abandoned Vehicle - On Public Property,2023/03/30 18:51:21+00,2023/03/30 21:54:51+00,2023/04/19 18:51:21+00,2023/03/30 18:51:21+00,1,244 1/2 12TH STREET SE,20003,6
395,S0000,Abandoned Vehicle - On Public Property,2023/03/30 20:16:27+00,2023/04/14 17:27:05+00,2023/04/19 20:16:27+00,2023/03/30 20:16:27+00,1,4201 BLAINE STREET NE,20019,7
396,S0000,Abandoned Vehicle - On Public Property,2023/03/30 22:07:00+00,2023/03/31 18:21:05+00,2023/04/19 22:07:00+00,2023/03/30 22:07:00+00,1,749 VARNUM STREET NW,20011,4
397,S0000,Abandoned Vehicle - On Public Property,2023/03/30 21:36:00+00,2023/04/04 17:27:06+00,2023/04/19 21:35:59+00,2023/03/30 21:36:00+00,1,1411 MONROE STREET NE,20017,5
398,S0000,Abandoned Vehicle - On Public Property,2023/03/31 02:16:00+00,2023/03/31 14:15:05+00,2023/04/20 02:15:59+00,2023/03/31 02:16:00+00,1,500 T STREET NW,20001,1
399,S0000,Abandoned Vehicle - On Public Property,2023/03/31 02:55:12+00,2023/04/06 14:05:25+00,2023/04/20 02:55:12+00,2023/03/31 02:55:12+00,1,R STREET NE AND 2ND STREET NE,20002,5
400,S0000,Abandoned Vehicle - On Public Property,2023/03/31 02:55:29+00,2023/04/04 16:30:05+00,2023/04/20 02:55:29+00,2023/03/31 02:55:29+00,1,R STREET NE AND 2ND STREET NE,20002,5
401,S0000,Abandoned Vehicle - On Public Property,2023/03/31 11:53:45+00,2023/04/06 14:42:04+00,2023/04/20 11:53:45+00,2023/03/31 11:53:45+00,1,1679 FORT DUPONT STREET SE,20020,7
402,S0000,Abandoned Vehicle - On Public Property,2023/03/31 12:32:35+00,2023/04/06 14:22:54+00,2023/04/20 17:59:45+00,2023/03/31 12:32:35+00,1,2800 8TH STREET NE,20017,5
404,S0000,Abandoned Vehicle - On Public Property,2023/03/31 14:45:36+00,2023/04/04 12:30:07+00,2023/04/20 14:45:36+00,2023/03/31 14:45:36+00,1,555 24TH STREET NE,20002,7
405,S0000,Abandoned Vehicle - On Public Property,2023/03/31 14:53:05+00,2023/04/11 14:39:05+00,2023/04/20 14:53:05+00,2023/03/31 14:53:05+00,1,3317 15TH STREET SE,20032,8
406,S0000,Abandoned Vehicle - On Public Property,2023/03/31 14:11:46+00,2023/04/03 13:51:05+00,2023/04/20 14:15:45+00,2023/03/31 14:11:46+00,1,5864 EASTERN AVENUE NE,20011,4
407,S0000,Abandoned Vehicle - On Public Property,2023/03/31 14:22:18+00,2023/04/14 19:21:18+00,2023/04/20 14:22:18+00,2023/03/31 14:22:18+00,1,74 V STREET NW,20001,5
408,S0000,Abandoned Vehicle - On Public Property,2023/03/31 15:18:44+00,2023/04/04 16:12:08+00,2023/04/20 15:18:44+00,2023/03/31 15:18:44+00,1,175 R STREET NE,20002,5
409,S0000,Abandoned Vehicle - On Public Property,2023/03/31 15:27:55+00,2023/04/14 12:58:16+00,2023/04/20 15:43:38+00,2023/03/31 15:27:55+00,1,1801 13TH STREET NW,20009,1
410,S0000,Abandoned Vehicle - On Public Property,2023/03/31 15:56:38+00,2023/04/06 14:23:32+00,2023/04/20 15:56:38+00,2023/03/31 15:56:38+00,1,1702 BRENTWOOD ROAD NE,20018,5
412,S0000,Abandoned Vehicle - On Public Property,2023/03/31 22:02:54+00,2023/04/14 17:00:13+00,2023/04/20 22:02:54+00,2023/03/31 22:02:54+00,1,800 - 899 BLOCK OF 48TH PLACE NE,20019,7
417,S0000,Abandoned Vehicle - On Public Property,2023/03/31 20:35:07+00,2023/04/04 12:29:17+00,2023/04/20 20:35:07+00,2023/03/31 20:35:07+00,1,INTERSTATE 695 WESTBOUND AND RAMP FROM I STREET SE,20024,6
418,S0000,Abandoned Vehicle - On Public Property,2023/04/01 03:06:12+00,2023/04/03 17:12:10+00,2023/04/21 03:06:11+00,2023/04/01 03:06:12+00,1,1211 FARRAGUT STREET NW,20011,4
419,S0000,Abandoned Vehicle - On Public Property,2023/03/31 22:55:52+00,2023/04/04 12:30:44+00,2023/04/20 22:55:52+00,2023/03/31 22:55:52+00,1,1318 A STREET SE,20003,6
420,S0000,Abandoned Vehicle - On Public Property,2023/03/31 23:08:22+00,2023/04/06 18:24:05+00,2023/04/20 23:08:22+00,2023/03/31 23:08:22+00,1,3430 NASH PLACE SE,20019,7
422,S0000,Abandoned Vehicle - On Public Property,2023/04/01 15:10:55+00,2023/04/13 17:00:06+00,2023/04/20 15:10:55+00,2023/04/01 15:10:55+00,1,3613 11TH STREET NW,20010,1
423,S0000,Abandoned Vehicle - On Public Property,2023/04/01 18:13:58+00,2023/04/06 13:12:04+00,2023/04/20 18:13:58+00,2023/04/01 18:13:58+00,1,1701 19TH STREET SE,20020,8
424,S0000,Abandoned Vehicle - On Public Property,2023/04/01 22:34:23+00,2023/04/04 12:36:14+00,2023/04/20 22:34:23+00,2023/04/01 22:34:23+00,1,1809 45TH STREET NW,20007,3
425,S0000,Abandoned Vehicle - On Public Property,2023/04/01 22:39:33+00,2023/04/13 13:57:04+00,2023/04/20 22:39:33+00,2023/04/01 22:39:33+00,1,1800 9TH STREET NW,20001,1
426,S0000,Abandoned Vehicle - On Public Property,2023/04/01 23:24:36+00,2023/04/04 15:00:05+00,2023/04/20 23:24:36+00,2023/04/01 23:24:36+00,1,4822 SARGENT ROAD NE,20017,5
427,S0000,Abandoned Vehicle - On Public Property,2023/04/01 17:29:46+00,2023/04/06 17:03:05+00,2023/04/20 17:29:46+00,2023/04/01 17:29:46+00,1,1008 SAVANNAH STREET SE,20032,8
428,S0000,Abandoned Vehicle - On Public Property,2023/04/01 19:01:26+00,2023/04/06 14:25:47+00,2023/04/20 19:01:26+00,2023/04/01 19:01:26+00,1,2705 HAMLIN STREET NE,20018,5
429,S0000,Abandoned Vehicle - On Public Property,2023/04/01 19:09:31+00,2023/04/13 15:24:12+00,2023/04/20 19:09:31+00,2023/04/01 19:09:31+00,1,2516 17TH STREET NW,20009,1
430,S0000,Abandoned Vehicle - On Public Property,2023/04/01 21:56:43+00,2023/04/04 12:38:43+00,2023/04/20 21:56:43+00,2023/04/01 21:56:43+00,1,4830 LOUGHBORO ROAD NW,20016,3
432,S0000,Abandoned Vehicle - On Public Property,2023/04/02 13:02:51+00,2023/04/03 14:06:06+00,2023/04/20 13:02:51+00,2023/04/02 13:02:51+00,1,2200 40TH PLACE NW,20007,3
433,S0000,Abandoned Vehicle - On Public Property,2023/04/02 19:32:00+00,2023/04/03 19:15:05+00,2023/04/20 19:32:00+00,2023/04/02 19:32:00+00,1,6101 16TH STREET NW,20011,4
435,S0000,Abandoned Vehicle - On Public Property,2023/04/02 15:47:33+00,2023/04/11 18:06:05+00,2023/04/20 15:47:33+00,2023/04/02 15:47:33+00,1,115 47TH STREET NE,20019,7
436,S0000,Abandoned Vehicle - On Public Property,2023/04/02 20:26:33+00,2023/04/03 14:09:09+00,2023/04/20 20:26:33+00,2023/04/02 20:26:33+00,1,64 SHERIDAN STREET NE,20011,4
437,S0000,Abandoned Vehicle - On Public Property,2023/04/02 22:03:58+00,2023/04/06 15:18:06+00,2023/04/20 22:03:58+00,2023/04/02 22:03:58+00,1,3600 - 3709 BLOCK OF BANGOR STREET SE,20020,7
438,S0000,Abandoned Vehicle - On Public Property,2023/04/02 22:09:48+00,2023/04/04 12:31:18+00,2023/04/20 22:09:48+00,2023/04/02 22:09:48+00,1,25 15TH STREET SE,20003,6
439,S0000,Abandoned Vehicle - On Public Property,2023/04/02 22:39:21+00,2023/04/04 12:44:50+00,2023/04/20 22:39:21+00,2023/04/02 22:39:21+00,1,604 MELLON STREET SE,20032,8
441,S0000,Abandoned Vehicle - On Public Property,2023/04/02 23:34:08+00,2023/04/04 15:09:14+00,2023/04/20 23:34:08+00,2023/04/02 23:34:08+00,1,1245 PERRY STREET NE,20017,5
443,S0000,Abandoned Vehicle - On Public Property,2023/04/03 00:06:35+00,2023/04/03 13:36:07+00,2023/04/21 00:06:35+00,2023/04/03 00:06:35+00,1,4858 ALBEMARLE STREET NW,20016,3
444,S0000,Abandoned Vehicle - On Public Property,2023/04/03 03:32:17+00,2023/04/12 14:54:15+00,2023/04/21 03:32:17+00,2023/04/03 03:32:17+00,1,5203 2ND STREET NW,20011,4
446,S0000,Abandoned Vehicle - On Public Property,2023/04/03 11:13:47+00,2023/04/07 15:06:22+00,2023/04/21 11:13:47+00,2023/04/03 11:13:47+00,1,735 ROCK CREEK CHURCH ROAD NW,20010,4
447,S0000,Abandoned Vehicle - On Public Property,2023/04/03 12:20:58+00,2023/04/04 16:39:05+00,2023/04/21 12:20:58+00,2023/04/03 12:20:58+00,1,2120 H STREET NE,20002,5
448,S0000,Abandoned Vehicle - On Public Property,2023/04/03 12:45:33+00,2023/04/10 16:42:14+00,2023/04/21 12:45:33+00,2023/04/03 12:45:33+00,1,1720 1ST STREET NE,20002,5
449,S0000,Abandoned Vehicle - On Public Property,2023/04/03 12:48:57+00,2023/04/06 15:57:04+00,2023/04/21 12:48:56+00,2023/04/03 12:48:57+00,1,1200 - 1299 BLOCK OF 4TH STREET SW,20024,6
450,S0000,Abandoned Vehicle - On Public Property,2023/04/03 12:52:17+00,2023/04/06 14:02:29+00,2023/04/21 12:52:17+00,2023/04/03 12:52:17+00,1,OGDEN STREET NW AND OAK STREET NW,20010,1
451,S0000,Abandoned Vehicle - On Public Property,2023/04/03 13:37:27+00,2023/04/06 16:51:12+00,2023/04/21 13:37:27+00,2023/04/03 13:37:27+00,1,808 K STREET NE,20002,6
453,S0000,Abandoned Vehicle - On Public Property,2023/04/03 14:17:02+00,2023/04/10 14:09:05+00,2023/04/21 14:17:02+00,2023/04/03 14:17:02+00,1,6521 1ST STREET NW,20012,4
455,S0000,Abandoned Vehicle - On Public Property,2023/04/03 14:57:16+00,2023/04/11 12:52:39+00,2023/04/21 14:57:16+00,2023/04/03 14:57:16+00,1,2801 NEW MEXICO AVENUE NW,20007,3
458,S0000,Abandoned Vehicle - On Public Property,2023/04/03 16:05:01+00,2023/04/12 17:39:05+00,2023/04/21 16:05:00+00,2023/04/03 16:05:01+00,1,4913 SHERIFF ROAD NE,20019,7
459,S0000,Abandoned Vehicle - On Public Property,2023/04/03 16:08:06+00,2023/04/14 17:09:05+00,2023/04/21 16:08:06+00,2023/04/03 16:08:06+00,1,700  - 799 BLOCK OF SHEPHERD ROAD NW,20011,4
460,S0000,Abandoned Vehicle - On Public Property,2023/04/03 16:23:16+00,2023/04/10 16:39:06+00,2023/04/21 16:23:16+00,2023/04/03 16:23:16+00,1,1113 BELLEVUE STREET SE,20032,8
461,S0000,Abandoned Vehicle - On Public Property,2023/04/03 19:30:13+00,2023/04/11 17:51:14+00,2023/04/21 19:30:13+00,2023/04/03 19:30:13+00,1,1512 CONNECTICUT AVENUE NW,20036,2
463,S0000,Abandoned Vehicle - On Public Property,2023/04/03 20:03:02+00,2023/04/13 17:12:05+00,2023/04/21 20:03:02+00,2023/04/03 20:03:02+00,1,4235 GRANT STREET NE,20019,7
464,S0000,Abandoned Vehicle - On Public Property,2023/04/03 18:06:56+00,2023/04/06 16:24:04+00,2023/04/21 18:06:56+00,2023/04/03 18:06:56+00,1,1239 PENNSYLVANIA AVENUE SE,20003,6
465,S0000,Abandoned Vehicle - On Public Property,2023/04/03 18:41:25+00,2023/04/11 14:57:13+00,2023/04/21 18:41:25+00,2023/04/03 18:41:25+00,1,4517 CLARK PLACE NW,20007,3
468,S0000,Abandoned Vehicle - On Public Property,2023/04/04 01:11:07+00,2023/04/06 16:30:17+00,2023/04/24 01:11:07+00,2023/04/04 01:11:07+00,1,1920 15TH STREET SE,20020,8
469,S0000,Abandoned Vehicle - On Public Property,2023/04/04 01:46:37+00,2023/04/06 14:06:12+00,2023/04/22 01:46:37+00,2023/04/04 01:46:37+00,1,1714 14TH STREET SE,20020,8
470,S0000,Abandoned Vehicle - On Public Property,2023/04/04 02:10:24+00,2023/04/11 16:57:21+00,2023/04/22 02:10:24+00,2023/04/04 02:10:24+00,1,3301 K STREET NW,20007,2
473,S0000,Abandoned Vehicle - On Public Property,2023/04/04 03:22:32+00,2023/04/11 14:27:06+00,2023/04/22 03:22:32+00,2023/04/04 03:22:32+00,1,2800 TEXAS AVENUE SE,20020,7
474,S0000,Abandoned Vehicle - On Public Property,2023/04/04 12:17:43+00,2023/04/06 17:21:06+00,2023/04/24 12:17:43+00,2023/04/04 12:17:43+00,1,700 MISSISSIPPI AVENUE SE,20032,8
475,S0000,Abandoned Vehicle - On Public Property,2023/04/04 14:11:15+00,2023/04/07 12:58:01+00,2023/04/24 15:26:38+00,2023/04/04 14:11:15+00,1,801 4TH STREET SE,20003,8
476,S0000,Abandoned Vehicle - On Public Property,2023/04/04 14:25:56+00,2023/04/10 20:06:15+00,2023/04/24 14:25:56+00,2023/04/04 14:25:56+00,1,51 VICTOR STREET NE,20011,5
479,S0000,Abandoned Vehicle - On Public Property,2023/04/04 15:54:50+00,2023/04/10 16:06:15+00,2023/04/24 15:54:49+00,2023/04/04 15:54:50+00,1,1109 CONGRESS STREET SE,20032,8
480,S0000,Abandoned Vehicle - On Public Property,2023/04/04 16:24:37+00,2023/04/10 15:09:06+00,2023/04/24 16:24:37+00,2023/04/04 16:24:37+00,1,2223 RAND PLACE NE,20002,5
482,S0000,Abandoned Vehicle - On Public Property,2023/04/04 16:33:23+00,2023/04/10 20:06:05+00,2023/04/24 16:33:23+00,2023/04/04 16:33:23+00,1,233 SEATON PLACE NE,20002,5
483,S0000,Abandoned Vehicle - On Public Property,2023/04/04 16:37:00+00,2023/04/11 14:57:21+00,2023/04/24 16:36:59+00,2023/04/04 16:37:00+00,1,4801 LOUGHBORO ROAD NW,20016,3
484,S0000,Abandoned Vehicle - On Public Property,2023/04/04 17:15:38+00,2023/04/11 12:36:41+00,2023/04/24 17:37:05+00,2023/04/04 17:15:38+00,1,233 SEATON PLACE NE,20002,5
487,S0000,Abandoned Vehicle - On Public Property,2023/04/04 19:24:46+00,2023/04/07 13:54:12+00,2023/04/24 19:24:46+00,2023/04/04 19:24:46+00,1,1629 FAIRLAWN AVENUE SE,20020,8
488,S0000,Abandoned Vehicle - On Public Property,2023/04/04 20:49:17+00,2023/04/06 16:45:06+00,2023/04/24 20:49:17+00,2023/04/04 20:49:17+00,1,313 A STREET NE,20002,6
489,S0000,Abandoned Vehicle - On Public Property,2023/04/04 22:22:58+00,2023/04/11 17:06:07+00,2023/04/24 22:22:57+00,2023/04/04 22:22:58+00,1,4919 AMES STREET NE,20019,7
490,S0000,Abandoned Vehicle - On Public Property,2023/04/04 22:43:00+00,2023/04/11 16:39:05+00,2023/04/24 22:43:00+00,2023/04/04 22:43:00+00,1,906 17TH STREET NW,20006,2
491,S0000,Abandoned Vehicle - On Public Property,2023/04/04 23:41:28+00,2023/04/10 16:00:17+00,2023/04/24 23:41:28+00,2023/04/04 23:41:28+00,1,4816 9TH STREET NW,20011,4
492,S0000,Abandoned Vehicle - On Public Property,2023/04/04 23:48:21+00,2023/04/10 15:18:06+00,2023/04/24 23:48:21+00,2023/04/04 23:48:21+00,1,4733 9TH STREET NW,20011,4
493,S0000,Abandoned Vehicle - On Public Property,2023/04/04 23:11:55+00,2023/04/07 13:54:04+00,2023/04/24 23:11:55+00,2023/04/04 23:11:55+00,1,1725 Q STREET SE,20020,8
498,S0000,Abandoned Vehicle - On Public Property,2023/04/05 13:03:21+00,2023/04/07 18:06:04+00,2023/04/25 13:03:21+00,2023/04/05 13:03:21+00,1,11TH STREET NW AND IRVING STREET NW,20010,1
501,S0000,Abandoned Vehicle - On Public Property,2023/04/05 11:56:19+00,2023/04/07 19:06:14+00,2023/04/25 11:56:19+00,2023/04/05 11:56:19+00,1,2201 TAYLOR STREET NE,20018,5
504,S0000,Abandoned Vehicle - On Public Property,2023/04/05 14:29:04+00,2023/04/06 17:11:48+00,2023/04/25 14:29:04+00,2023/04/05 14:29:04+00,1,2412 MASSACHUSETTS AVENUE NW,20008,2
505,S0000,Abandoned Vehicle - On Public Property,2023/04/05 16:11:28+00,2023/04/06 18:21:06+00,2023/04/25 16:11:28+00,2023/04/05 16:11:28+00,1,541 NEWCOMB STREET SE,20032,8
509,S0000,Abandoned Vehicle - On Public Property,2023/04/05 14:43:34+00,2023/04/06 16:39:13+00,2023/04/25 14:43:34+00,2023/04/05 14:43:34+00,1,750 1ST STREET NE,20002,6
510,S0000,Abandoned Vehicle - On Public Property,2023/04/05 14:51:07+00,2023/04/06 17:06:05+00,2023/04/25 14:51:07+00,2023/04/05 14:51:07+00,1,118 TENNESSEE AVENUE NE,20002,6
511,S0000,Abandoned Vehicle - On Public Property,2023/04/05 15:04:23+00,2023/04/10 14:39:05+00,2023/04/25 15:04:23+00,2023/04/05 15:04:23+00,1,5301 BROAD BRANCH ROAD NW,20015,4
512,S0000,Abandoned Vehicle - On Public Property,2023/04/05 16:40:21+00,2023/04/12 18:03:05+00,2023/04/25 16:40:20+00,2023/04/05 16:40:21+00,1,4716 QUARLES STREET NE,20019,7
513,S0000,Abandoned Vehicle - On Public Property,2023/04/05 16:41:08+00,2023/04/12 18:03:05+00,2023/04/25 16:41:08+00,2023/04/05 16:41:08+00,1,4718 QUARLES STREET NE,20019,7
516,S0000,Abandoned Vehicle - On Public Property,2023/04/05 19:55:10+00,2023/04/07 14:12:19+00,2023/04/25 19:55:10+00,2023/04/05 19:55:10+00,1,1800 - 1899 BLOCK OF FAIRLAWN AVENUE SE,20020,8
517,S0000,Abandoned Vehicle - On Public Property,2023/04/05 20:56:20+00,2023/04/11 16:57:05+00,2023/04/25 20:56:20+00,2023/04/05 20:56:20+00,1,3301 K STREET NW,20007,2
519,S0000,Abandoned Vehicle - On Public Property,2023/04/05 21:36:07+00,2023/04/07 15:51:14+00,2023/04/25 21:36:07+00,2023/04/05 21:36:07+00,1,16TH STREET NW AND VARNUM STREET NW,20011,4
520,S0000,Abandoned Vehicle - On Public Property,2023/04/05 21:54:14+00,2023/04/07 15:27:05+00,2023/04/25 21:54:13+00,2023/04/05 21:54:14+00,1,4016 KANSAS AVENUE NW,20011,4
523,S0000,Abandoned Vehicle - On Public Property,2023/04/06 03:32:59+00,2023/04/06 14:27:14+00,2023/04/26 03:32:58+00,2023/04/06 03:32:59+00,1,1100 OAK DRIVE SE,20032,8
526,S0000,Abandoned Vehicle - On Public Property,2023/04/06 13:18:31+00,2023/04/11 17:45:06+00,2023/04/26 13:18:31+00,2023/04/06 13:18:31+00,1,3831 2ND STREET SE,20032,8
527,S0000,Abandoned Vehicle - On Public Property,2023/04/06 13:20:43+00,2023/04/10 14:45:06+00,2023/04/26 13:20:43+00,2023/04/06 13:20:43+00,1,1800 C STREET NE,20002,7
528,S0000,Abandoned Vehicle - On Public Property,2023/04/06 13:21:06+00,2023/04/10 14:42:05+00,2023/04/26 13:21:05+00,2023/04/06 13:21:06+00,1,1800 C STREET NE,20002,7
529,S0000,Abandoned Vehicle - On Public Property,2023/04/06 13:24:13+00,2023/04/11 17:24:05+00,2023/04/26 13:24:13+00,2023/04/06 13:24:13+00,1,3831 2ND STREET SE,20032,8
530,S0000,Abandoned Vehicle - On Public Property,2023/04/06 13:28:08+00,2023/04/07 13:57:12+00,2023/04/26 13:28:07+00,2023/04/06 13:28:08+00,1,17TH STREET SE AND FAIRLAWN AVENUE SE,20020,8
531,S0000,Abandoned Vehicle - On Public Property,2023/04/06 13:29:33+00,2023/04/11 15:36:07+00,2023/04/26 13:29:33+00,2023/04/06 13:29:33+00,1,2513 I STREET NW,20037,2
532,S0000,Abandoned Vehicle - On Public Property,2023/04/06 13:30:38+00,2023/04/11 17:21:23+00,2023/04/26 13:30:38+00,2023/04/06 13:30:38+00,1,3831 2ND STREET SE,20032,8
533,S0000,Abandoned Vehicle - On Public Property,2023/04/06 13:39:05+00,2023/04/11 17:21:14+00,2023/04/26 13:39:05+00,2023/04/06 13:39:05+00,1,3831 2ND STREET SE,20032,8
534,S0000,Abandoned Vehicle - On Public Property,2023/04/06 14:26:03+00,2023/04/10 13:30:05+00,2023/04/26 14:26:03+00,2023/04/06 14:26:03+00,1,1100 - 1117 BLOCK OF GOOD HOPE ROAD SE,20020,8
535,S0000,Abandoned Vehicle - On Public Property,2023/04/06 14:12:03+00,2023/04/06 16:15:04+00,2023/04/26 14:12:02+00,2023/04/06 14:12:03+00,1,1300 - 1399 BLOCK OF RIDGE PLACE SE,20020,8
537,S0000,Abandoned Vehicle - On Public Property,2023/04/06 12:35:30+00,2023/04/12 12:25:46+00,2023/04/26 16:59:20+00,2023/04/06 12:35:30+00,1,2608 36TH STREET NW,20007,3
539,S0000,Abandoned Vehicle - On Public Property,2023/04/06 14:06:47+00,2023/04/07 14:06:13+00,2023/04/26 14:06:47+00,2023/04/06 14:06:47+00,1,224 21ST STREET NE,20002,7
541,S0000,Abandoned Vehicle - On Public Property,2023/04/06 16:11:51+00,2023/04/11 13:51:04+00,2023/04/26 16:11:51+00,2023/04/06 16:11:51+00,2,3819 CATHEDRAL AVENUE NW,20016,3
542,S0000,Abandoned Vehicle - On Public Property,2023/04/06 16:23:41+00,2023/04/14 18:00:12+00,2023/04/26 16:23:41+00,2023/04/06 16:23:41+00,1,1200  - 1299 BLOCK OF LONGFELLOW STREET NW,20011,4
543,S0000,Abandoned Vehicle - On Public Property,2023/04/06 16:26:54+00,2023/04/13 15:36:05+00,2023/04/26 16:26:54+00,2023/04/06 16:26:54+00,1,120 56TH STREET SE,20019,7
544,S0000,Abandoned Vehicle - On Public Property,2023/04/06 16:30:10+00,2023/04/11 12:36:07+00,2023/04/26 18:20:36+00,2023/04/06 16:30:10+00,1,233 SEATON PLACE NE,20002,5
545,S0000,Abandoned Vehicle - On Public Property,2023/04/06 16:31:06+00,2023/04/07 19:14:53+00,2023/04/26 17:42:40+00,2023/04/06 16:31:06+00,1,310 MADISON STREET NW,20011,4
548,S0000,Abandoned Vehicle - On Public Property,2023/04/06 14:54:11+00,2023/04/07 16:21:05+00,2023/04/26 14:54:11+00,2023/04/06 14:54:11+00,1,2225 M STREET NE,20002,5
551,S0000,Abandoned Vehicle - On Public Property,2023/04/06 19:12:13+00,2023/04/13 16:37:18+00,2023/04/26 19:12:13+00,2023/04/06 19:12:13+00,1,4040 GRANT STREET NE,20019,7
552,S0000,Abandoned Vehicle - On Public Property,2023/04/06 19:31:56+00,2023/04/10 13:21:23+00,2023/04/26 19:31:56+00,2023/04/06 19:31:56+00,1,407 - 499 BLOCK OF 6TH STREET SW,20024,6
554,S0000,Abandoned Vehicle - On Public Property,2023/04/06 20:04:52+00,2023/04/10 13:36:05+00,2023/04/26 20:04:52+00,2023/04/06 20:04:52+00,1,2511 HIGH STREET SE,20020,8
555,S0000,Abandoned Vehicle - On Public Property,2023/04/06 20:34:39+00,2023/04/13 15:06:14+00,2023/04/26 20:34:39+00,2023/04/06 20:34:39+00,1,1900 - 1999 BLOCK OF KALORAMA ROAD NW,20009,1
556,S0000,Abandoned Vehicle - On Public Property,2023/04/06 20:36:58+00,2023/04/07 16:12:13+00,2023/04/26 20:36:58+00,2023/04/06 20:36:58+00,1,1704 ALLISON STREET NW,20011,4
557,S0000,Abandoned Vehicle - On Public Property,2023/04/06 21:04:29+00,2023/04/11 16:00:23+00,2023/04/26 21:04:29+00,2023/04/06 21:04:29+00,1,1210 F STREET NE,20002,6
558,S0000,Abandoned Vehicle - On Public Property,2023/04/06 18:54:16+00,2023/04/13 12:31:38+00,2023/04/26 18:54:16+00,2023/04/06 18:54:16+00,1,646 - 699 BLOCK OF OTIS PLACE NW,20010,1
560,S0000,Abandoned Vehicle - On Public Property,2023/04/06 22:11:56+00,2023/04/11 19:18:06+00,2023/04/26 22:11:56+00,2023/04/06 22:11:56+00,1,4515 GAULT PLACE NE,20019,7
561,S0000,Abandoned Vehicle - On Public Property,2023/04/07 00:10:12+00,2023/04/07 13:57:04+00,2023/04/27 00:10:12+00,2023/04/07 00:10:12+00,1,1415 18TH STREET SE,20020,8
562,S0000,Abandoned Vehicle - On Public Property,2023/04/07 01:39:04+00,2023/04/07 15:06:06+00,2023/04/27 01:39:04+00,2023/04/07 01:39:04+00,1,2229 M STREET NE,20002,5
568,S0000,Abandoned Vehicle - On Public Property,2023/04/07 14:45:03+00,2023/04/10 15:57:13+00,2023/04/27 14:45:03+00,2023/04/07 14:45:03+00,1,2201 M STREET NE,20002,5
569,S0000,Abandoned Vehicle - On Public Property,2023/04/07 11:09:05+00,2023/04/14 13:45:10+00,2023/04/27 11:09:05+00,2023/04/07 11:09:05+00,1,3821 HALLEY TERRACE SE,20032,8
570,S0000,Abandoned Vehicle - On Public Property,2023/04/07 11:27:04+00,2023/04/14 12:24:11+00,2023/04/27 11:27:04+00,2023/04/07 11:27:04+00,1,3565 6TH STREET NW,20010,1
571,S0000,Abandoned Vehicle - On Public Property,2023/04/07 13:45:31+00,2023/04/12 18:06:06+00,2023/04/27 13:45:31+00,2023/04/07 13:45:31+00,1,828 EMERSON STREET NW,20011,4
574,S0000,Abandoned Vehicle - On Public Property,2023/04/07 15:03:23+00,2023/04/10 15:00:05+00,2023/04/27 15:03:23+00,2023/04/07 15:03:23+00,1,1608 BUCHANAN STREET NW,20011,4
575,S0000,Abandoned Vehicle - On Public Property,2023/04/07 15:21:20+00,2023/04/11 17:15:05+00,2023/04/27 15:21:20+00,2023/04/07 15:21:20+00,1,2921 OLIVE STREET NW,20007,2
576,S0000,Abandoned Vehicle - On Public Property,2023/04/07 15:33:07+00,2023/04/11 17:33:05+00,2023/04/27 15:33:06+00,2023/04/07 15:33:07+00,1,1800 - 1899 BLOCK OF S STREET NW,20009,2
577,S0000,Abandoned Vehicle - On Public Property,2023/04/07 14:55:03+00,2023/04/10 15:57:05+00,2023/04/27 14:55:03+00,2023/04/07 14:55:03+00,1,2201 M STREET NE,20002,5
578,S0000,Abandoned Vehicle - On Public Property,2023/04/07 16:40:20+00,2023/04/14 13:07:14+00,2023/04/27 17:04:08+00,2023/04/07 16:40:20+00,1,2213 S STREET NE,20002,5
579,S0000,Abandoned Vehicle - On Public Property,2023/04/07 17:25:24+00,2023/04/14 13:04:05+00,2023/04/27 17:25:24+00,2023/04/07 17:25:24+00,1,1 - 99 BLOCK OF HAMILTON STREET NE,20011,5
580,S0000,Abandoned Vehicle - On Public Property,2023/04/07 17:25:26+00,2023/04/07 17:51:04+00,2023/04/27 17:25:26+00,2023/04/07 17:25:26+00,1,36TH STREET SE AND CROFFUT PLACE SE,20019,7
581,S0000,Abandoned Vehicle - On Public Property,2023/04/07 19:03:10+00,2023/04/10 16:06:06+00,2023/04/27 19:03:10+00,2023/04/07 19:03:10+00,1,1829 M STREET NE,20002,5
582,S0000,Abandoned Vehicle - On Public Property,2023/04/07 18:59:31+00,2023/04/14 12:24:04+00,2023/04/27 18:59:31+00,2023/04/07 18:59:31+00,1,700 OTIS PLACE NW,20010,1
583,S0000,Abandoned Vehicle - On Public Property,2023/04/07 16:54:29+00,2023/04/07 18:56:34+00,2023/04/27 17:03:24+00,2023/04/07 16:54:29+00,1,121 SEATON PLACE NW,20001,5
585,S0000,Abandoned Vehicle - On Public Property,2023/04/07 21:09:34+00,2023/04/11 16:36:05+00,2023/04/27 21:09:34+00,2023/04/07 21:09:34+00,1,903 8TH STREET NE,20002,6
586,S0000,Abandoned Vehicle - On Public Property,2023/04/07 21:47:08+00,2023/04/14 14:15:04+00,2023/04/27 21:47:08+00,2023/04/07 21:47:08+00,1,3615 B STREET SE,20019,7
587,S0000,Abandoned Vehicle - On Public Property,2023/04/07 22:19:35+00,2023/04/10 13:57:05+00,2023/04/27 22:19:35+00,2023/04/07 22:19:35+00,1,71 OGLETHORPE STREET NW,20011,4
588,S0000,Abandoned Vehicle - On Public Property,2023/04/08 00:46:35+00,2023/04/11 16:42:05+00,2023/04/28 00:46:35+00,2023/04/08 00:46:35+00,1,14TH PLACE NE AND NORTH CAROLINA AVENUE NE,20002,6
589,S0000,Abandoned Vehicle - On Public Property,2023/04/08 12:21:58+00,2023/04/13 17:24:06+00,2023/04/27 12:21:58+00,2023/04/08 12:21:58+00,1,4500 EADS PLACE NE,20019,7
590,S0000,Abandoned Vehicle - On Public Property,2023/04/08 13:24:14+00,2023/04/14 13:06:42+00,2023/04/27 13:24:14+00,2023/04/08 13:24:14+00,1,1500 MONTANA AVENUE NE,20018,5
591,S0000,Abandoned Vehicle - On Public Property,2023/04/08 13:47:19+00,2023/04/11 16:00:14+00,2023/04/27 13:47:19+00,2023/04/08 13:47:19+00,1,1225 F STREET NE,20002,6
592,S0000,Abandoned Vehicle - On Public Property,2023/04/08 15:59:12+00,2023/04/11 15:57:05+00,2023/04/27 15:59:12+00,2023/04/08 15:59:12+00,1,806 CONSTITUTION AVENUE NE,20002,6
593,S0000,Abandoned Vehicle - On Public Property,2023/04/08 11:00:08+00,2023/04/13 12:09:47+00,2023/04/27 11:00:08+00,2023/04/08 11:00:08+00,1,693 OTIS PLACE NW,20010,1
594,S0000,Abandoned Vehicle - On Public Property,2023/04/08 13:41:27+00,2023/04/10 15:24:07+00,2023/04/27 13:41:27+00,2023/04/08 13:41:27+00,1,204 16TH STREET SE,20003,7
595,S0000,Abandoned Vehicle - On Public Property,2023/04/08 14:01:23+00,2023/04/10 16:32:13+00,2023/04/27 14:01:23+00,2023/04/08 14:01:23+00,1,5TH STREET NW AND I STREET NW,20001,6
596,S0000,Abandoned Vehicle - On Public Property,2023/04/08 14:43:54+00,2023/04/14 13:05:44+00,2023/04/27 14:43:54+00,2023/04/08 14:43:54+00,1,1643 FRANKLIN STREET NE,20018,5
597,S0000,Abandoned Vehicle - On Public Property,2023/04/08 15:13:36+00,2023/04/13 13:19:52+00,2023/04/27 15:29:34+00,2023/04/08 15:13:36+00,1,221 PENNSYLVANIA AVENUE SE,20003,6
598,S0000,Abandoned Vehicle - On Public Property,2023/04/08 16:15:44+00,2023/04/14 17:12:05+00,2023/04/27 16:15:44+00,2023/04/08 16:15:44+00,1,49TH PLACE NE AND FOOTE STREET NE,20019,7
599,S0000,Abandoned Vehicle - On Public Property,2023/04/08 19:10:28+00,2023/04/14 12:21:04+00,2023/04/27 19:10:28+00,2023/04/08 19:10:28+00,1,3565 6TH STREET NW,20010,1
600,S0000,Abandoned Vehicle - On Public Property,2023/04/08 22:54:51+00,2023/04/08 23:00:32+00,2023/04/27 22:54:51+00,2023/04/08 22:54:51+00,1,4334 36TH STREET NW,20008,3
601,S0000,Abandoned Vehicle - On Public Property,2023/04/08 23:03:36+00,2023/04/11 14:57:06+00,2023/04/27 23:03:36+00,2023/04/08 23:03:36+00,1,4330 36TH STREET NW,20008,3
602,S0000,Abandoned Vehicle - On Public Property,2023/04/09 00:39:33+00,2023/04/11 16:00:05+00,2023/04/28 00:39:33+00,2023/04/09 00:39:33+00,1,1301 WATER STREET SE,20003,6
603,S0000,Abandoned Vehicle - On Public Property,2023/04/09 10:56:29+00,2023/04/10 15:27:07+00,2023/04/27 10:56:28+00,2023/04/09 10:56:29+00,1,2114 RAND PLACE NE,20002,5
604,S0000,Abandoned Vehicle - On Public Property,2023/04/09 12:36:20+00,2023/04/14 17:06:05+00,2023/04/27 12:36:20+00,2023/04/09 12:36:20+00,1,847 48TH STREET NE,20019,7
605,S0000,Abandoned Vehicle - On Public Property,2023/04/09 15:54:08+00,2023/04/14 13:06:16+00,2023/04/27 15:54:08+00,2023/04/09 15:54:08+00,1,3201 8TH STREET NE,20017,5
606,S0000,Abandoned Vehicle - On Public Property,2023/04/09 16:16:04+00,2023/04/13 12:09:48+00,2023/04/27 16:16:04+00,2023/04/09 16:16:04+00,1,693 OTIS PLACE NW,20010,1
607,S0000,Abandoned Vehicle - On Public Property,2023/04/09 16:32:06+00,2023/04/14 13:04:44+00,2023/04/27 16:32:06+00,2023/04/09 16:32:06+00,1,401 KENNEDY STREET NE,20011,5
609,S0000,Abandoned Vehicle - On Public Property,2023/04/09 15:20:55+00,2023/04/10 14:27:06+00,2023/04/27 15:20:55+00,2023/04/09 15:20:55+00,1,336 16TH STREET NE,20002,7
611,S0000,Abandoned Vehicle - On Public Property,2023/04/10 04:46:39+00,2023/04/11 19:12:05+00,2023/04/27 04:46:39+00,2023/04/10 04:46:39+00,1,4400 - 4599 BLOCK OF GAULT PLACE NE,20019,7
612,S0000,Abandoned Vehicle - On Public Property,2023/04/10 12:39:26+00,2023/04/10 14:12:06+00,2023/04/28 12:39:26+00,2023/04/10 12:39:26+00,1,2214 NICHOLSON STREET SE,20020,7
617,S0000,Abandoned Vehicle - On Public Property,2023/04/10 14:24:47+00,2023/04/10 15:21:05+00,2023/04/28 14:24:47+00,2023/04/10 14:24:47+00,1,3704 1ST STREET SE,20032,8
618,S0000,Abandoned Vehicle - On Public Property,2023/04/10 14:45:30+00,2023/04/12 18:00:24+00,2023/04/28 14:45:30+00,2023/04/10 14:45:30+00,1,828 EMERSON STREET NW,20011,4
620,S0000,Abandoned Vehicle - On Public Property,2023/04/10 15:03:17+00,2023/04/12 14:21:05+00,2023/04/28 15:03:17+00,2023/04/10 15:03:17+00,1,1608 BUCHANAN STREET NW,20011,4
623,S0000,Abandoned Vehicle - On Public Property,2023/04/10 13:50:32+00,2023/04/12 16:39:06+00,2023/04/28 13:50:32+00,2023/04/10 13:50:32+00,1,2511 HIGH STREET SE,20020,8
624,S0000,Abandoned Vehicle - On Public Property,2023/04/10 14:10:13+00,2023/04/13 12:09:48+00,2023/04/28 14:10:13+00,2023/04/10 14:10:13+00,1,693 OTIS PLACE NW,20010,1
628,S0000,Abandoned Vehicle - On Public Property,2023/04/10 16:03:44+00,2023/04/14 18:09:05+00,2023/04/28 16:03:44+00,2023/04/10 16:03:44+00,1,1300 LONGFELLOW STREET NW,20011,4
630,S0000,Abandoned Vehicle - On Public Property,2023/04/10 16:52:40+00,2023/04/12 18:00:16+00,2023/04/28 16:52:40+00,2023/04/10 16:52:40+00,1,828 EMERSON STREET NW,20011,4
631,S0000,Abandoned Vehicle - On Public Property,2023/04/10 17:30:32+00,2023/04/12 15:24:05+00,2023/04/28 17:30:32+00,2023/04/10 17:30:32+00,1,1251 OAK DRIVE SE,20032,8
635,S0000,Abandoned Vehicle - On Public Property,2023/04/10 17:38:26+00,2023/04/11 14:51:05+00,2023/04/28 17:38:26+00,2023/04/10 17:38:26+00,1,1109 CONGRESS STREET SE,20032,8
637,S0000,Abandoned Vehicle - On Public Property,2023/04/10 18:25:08+00,2023/04/14 18:36:04+00,2023/04/28 18:25:08+00,2023/04/10 18:25:08+00,1,1364 VAN BUREN STREET NW,20012,4
639,S0000,Abandoned Vehicle - On Public Property,2023/04/10 18:35:02+00,2023/04/11 19:09:06+00,2023/04/28 18:35:02+00,2023/04/10 18:35:02+00,1,4423 GAULT PLACE NE,20019,7
641,S0000,Abandoned Vehicle - On Public Property,2023/04/10 16:31:01+00,2023/04/11 16:36:14+00,2023/04/28 16:31:01+00,2023/04/10 16:31:01+00,1,77 H STREET NW,20001,6
643,S0000,Abandoned Vehicle - On Public Property,2023/04/10 20:15:48+00,2023/04/12 17:21:05+00,2023/04/28 20:15:48+00,2023/04/10 20:15:48+00,1,2817 POMEROY ROAD SE,20020,8
645,S0000,Abandoned Vehicle - On Public Property,2023/04/10 20:42:06+00,2023/04/12 14:57:04+00,2023/04/28 20:42:06+00,2023/04/10 20:42:06+00,1,71 OGLETHORPE STREET NW,20011,4
646,S0000,Abandoned Vehicle - On Public Property,2023/04/10 20:51:46+00,2023/04/11 16:57:13+00,2023/04/28 20:51:46+00,2023/04/10 20:51:46+00,1,1216 I STREET SE,20003,6
647,S0000,Abandoned Vehicle - On Public Property,2023/04/10 20:54:25+00,2023/04/12 17:03:13+00,2023/04/28 20:54:25+00,2023/04/10 20:54:25+00,1,2647 BIRNEY PLACE SE,20020,8
649,S0000,Abandoned Vehicle - On Public Property,2023/04/10 19:07:03+00,2023/04/10 20:06:16+00,2023/04/28 19:07:03+00,2023/04/10 19:07:03+00,1,51 VICTOR STREET NE,20011,5
654,S0000,Abandoned Vehicle - On Public Property,2023/04/10 22:12:11+00,2023/04/11 14:09:20+00,2023/04/28 22:12:11+00,2023/04/10 22:12:11+00,1,331 16TH STREET NE,20002,7
656,S0000,Abandoned Vehicle - On Public Property,2023/04/10 23:16:59+00,2023/04/13 13:51:34+00,2023/04/28 23:16:59+00,2023/04/10 23:16:59+00,1,3158 18TH STREET NW,20010,1
657,S0000,Abandoned Vehicle - On Public Property,2023/04/11 02:24:02+00,2023/04/12 18:51:06+00,2023/05/01 02:24:02+00,2023/04/11 02:24:02+00,1,1951 VALLEY TERRACE SE,20032,8
658,S0000,Abandoned Vehicle - On Public Property,2023/04/11 10:50:56+00,2023/04/14 12:24:12+00,2023/05/01 10:50:56+00,2023/04/11 10:50:56+00,1,3565 6TH STREET NW,20010,1
660,S0000,Abandoned Vehicle - On Public Property,2023/04/11 13:15:39+00,2023/04/13 16:24:06+00,2023/05/01 13:15:39+00,2023/04/11 13:15:39+00,1,121 YUMA STREET SE,20032,8
661,S0000,Abandoned Vehicle - On Public Property,2023/04/11 12:32:13+00,2023/04/14 13:05:15+00,2023/05/01 12:32:13+00,2023/04/11 12:32:13+00,1,2025 TAYLOR STREET NE,20018,5
662,S0000,Abandoned Vehicle - On Public Property,2023/04/11 12:54:51+00,2023/04/12 17:00:08+00,2023/05/01 12:54:51+00,2023/04/11 12:54:51+00,1,2647 BIRNEY PLACE SE,20020,8
663,S0000,Abandoned Vehicle - On Public Property,2023/04/11 13:02:34+00,2023/04/13 18:15:05+00,2023/05/01 13:02:34+00,2023/04/11 13:02:34+00,1,3510 18TH STREET SE,20020,8
664,S0000,Abandoned Vehicle - On Public Property,2023/04/11 13:10:03+00,2023/04/13 16:24:05+00,2023/05/01 13:10:03+00,2023/04/11 13:10:03+00,1,121 YUMA STREET SE,20032,8
665,S0000,Abandoned Vehicle - On Public Property,2023/04/11 13:10:10+00,2023/04/13 15:12:06+00,2023/05/01 13:10:10+00,2023/04/11 13:10:10+00,1,1236 SAVANNAH STREET SE,20032,8
666,S0000,Abandoned Vehicle - On Public Property,2023/04/11 14:08:57+00,2023/04/12 15:06:14+00,2023/05/01 14:08:57+00,2023/04/11 14:08:57+00,1,2637 BOWEN ROAD SE,20020,8
667,S0000,Abandoned Vehicle - On Public Property,2023/04/11 15:06:18+00,2023/04/12 14:21:06+00,2023/05/01 15:06:18+00,2023/04/11 15:06:18+00,1,1608 BUCHANAN STREET NW,20011,4
669,S0000,Abandoned Vehicle - On Public Property,2023/04/11 16:02:41+00,2023/04/14 13:07:55+00,2023/05/01 16:02:41+00,2023/04/11 16:02:41+00,1,3017 YOST PLACE NE,20018,5
671,S0000,Abandoned Vehicle - On Public Property,2023/04/11 16:12:10+00,2023/04/13 17:51:05+00,2023/05/01 16:12:10+00,2023/04/11 16:12:10+00,1,3158 18TH STREET NW,20010,1
673,S0000,Abandoned Vehicle - On Public Property,2023/04/11 16:26:50+00,2023/04/13 17:42:06+00,2023/05/01 16:26:49+00,2023/04/11 16:26:50+00,1,1802 LAMONT STREET NW,20010,1
677,S0000,Abandoned Vehicle - On Public Property,2023/04/11 18:35:13+00,2023/04/11 21:16:15+00,2023/05/01 21:03:56+00,2023/04/11 18:35:13+00,1,2729 N STREET SE,20019,7
679,S0000,Abandoned Vehicle - On Public Property,2023/04/11 21:12:14+00,2023/04/12 17:21:11+00,2023/05/01 21:12:14+00,2023/04/11 21:12:14+00,1,1245 4TH STREET SW,20024,6
680,S0000,Abandoned Vehicle - On Public Property,2023/04/11 21:55:02+00,2023/04/13 14:12:05+00,2023/05/01 21:55:02+00,2023/04/11 21:55:02+00,1,200 - 299 BLOCK OF HAWAII AVENUE NE,20011,5
681,S0000,Abandoned Vehicle - On Public Property,2023/04/11 21:57:19+00,2023/04/13 13:36:05+00,2023/05/01 21:57:19+00,2023/04/11 21:57:19+00,1,216 VARNUM STREET NE,20011,5
683,S0000,Abandoned Vehicle - On Public Property,2023/04/11 21:58:24+00,2023/04/13 14:12:13+00,2023/05/01 21:58:24+00,2023/04/11 21:58:24+00,1,251 HAWAII AVENUE NE,20011,5
684,S0000,Abandoned Vehicle - On Public Property,2023/04/11 22:46:06+00,2023/04/12 14:48:05+00,2023/05/01 22:46:06+00,2023/04/11 22:46:06+00,1,1609 21ST PLACE SE,20020,8
689,S0000,Abandoned Vehicle - On Public Property,2023/04/12 11:15:39+00,2023/04/14 19:21:06+00,2023/05/02 11:15:39+00,2023/04/12 11:15:39+00,1,17 GIRARD STREET NE,20002,5
690,S0000,Abandoned Vehicle - On Public Property,2023/04/12 12:18:19+00,2023/04/14 17:36:28+00,2023/05/02 12:18:19+00,2023/04/12 12:18:19+00,1,2200 HUNTER PLACE SE,20020,8
691,S0000,Abandoned Vehicle - On Public Property,2023/04/12 12:27:40+00,2023/04/14 20:00:05+00,2023/05/02 12:27:40+00,2023/04/12 12:27:40+00,1,19 I STREET NW,20001,6
692,S0000,Abandoned Vehicle - On Public Property,2023/04/12 13:12:57+00,2023/04/14 20:06:04+00,2023/05/02 13:12:57+00,2023/04/12 13:12:57+00,1,55 M STREET NW,20001,6
693,S0000,Abandoned Vehicle - On Public Property,2023/04/12 13:43:03+00,2023/04/13 16:12:05+00,2023/05/02 13:43:03+00,2023/04/12 13:43:03+00,1,5800 - 5998 BLOCK OF SOUTHERN AVENUE SE,20019,7
696,S0000,Abandoned Vehicle - On Public Property,2023/04/12 14:28:37+00,2023/04/12 15:36:04+00,2023/05/02 14:28:37+00,2023/04/12 14:28:37+00,1,1251 OAK DRIVE SE,20032,8
697,S0000,Abandoned Vehicle - On Public Property,2023/04/12 14:28:47+00,2023/04/12 18:06:16+00,2023/05/02 14:28:47+00,2023/04/12 14:28:47+00,1,4710 QUARLES STREET NE,20019,7
698,S0000,Abandoned Vehicle - On Public Property,2023/04/12 15:13:33+00,2023/04/14 16:51:24+00,2023/05/02 15:13:33+00,2023/04/12 15:13:33+00,1,5303 7TH STREET NW,20011,4
703,S0000,Abandoned Vehicle - On Public Property,2023/04/12 13:34:43+00,2023/04/14 12:57:06+00,2023/05/02 13:34:43+00,2023/04/12 13:34:43+00,1,1840 VERNON STREET NW,20009,1
705,S0000,Abandoned Vehicle - On Public Property,2023/04/12 14:01:07+00,2023/04/13 14:51:05+00,2023/05/02 14:01:07+00,2023/04/12 14:01:07+00,1,6300 - 6399 BLOCK OF SOUTHERN AVENUE NE,20019,7
707,S0000,Abandoned Vehicle - On Public Property,2023/04/12 14:50:02+00,2023/04/12 16:45:07+00,2023/05/02 14:50:02+00,2023/04/12 14:50:02+00,1,4725 GEORGIA AVENUE NW,20011,4
708,S0000,Abandoned Vehicle - On Public Property,2023/04/12 16:41:35+00,2023/04/14 19:21:27+00,2023/05/02 16:41:35+00,2023/04/12 16:41:35+00,1,2403 3RD STREET NE,20002,5
709,S0000,Abandoned Vehicle - On Public Property,2023/04/12 17:22:03+00,2023/04/14 13:17:08+00,2023/05/02 17:22:03+00,2023/04/12 17:22:03+00,1,2800 - 2899 BLOCK OF POMEROY ROAD SE,20020,8
710,S0000,Abandoned Vehicle - On Public Property,2023/04/12 17:28:13+00,2023/04/14 19:21:36+00,2023/05/02 17:28:13+00,2023/04/12 17:28:13+00,1,1007 IRVING STREET NE,20017,5
714,S0000,Abandoned Vehicle - On Public Property,2023/04/12 20:20:37+00,2023/04/13 17:21:18+00,2023/05/02 20:20:37+00,2023/04/12 20:20:37+00,1,500 G STREET SE,20003,6
715,S0000,Abandoned Vehicle - On Public Property,2023/04/12 20:22:38+00,2023/04/13 17:15:05+00,2023/05/02 20:22:38+00,2023/04/12 20:22:38+00,1,566 OKLAHOMA AVENUE NE,20002,7
716,S0000,Abandoned Vehicle - On Public Property,2023/04/12 21:16:23+00,2023/04/13 17:06:04+00,2023/05/02 21:16:23+00,2023/04/12 21:16:23+00,1,CANAL STREET SW AND O STREET SW,20024,6
721,S0000,Abandoned Vehicle - On Public Property,2023/04/12 21:06:13+00,2023/04/13 17:21:05+00,2023/05/02 21:06:13+00,2023/04/12 21:06:13+00,1,800 MASSACHUSETTS AVENUE NE,20002,6
722,S0000,Abandoned Vehicle - On Public Property,2023/04/12 21:23:24+00,2023/04/14 14:51:14+00,2023/05/02 21:23:24+00,2023/04/12 21:23:24+00,1,4128 3RD STREET NW,20011,4
724,S0000,Abandoned Vehicle - On Public Property,2023/04/12 22:23:27+00,2023/04/13 18:24:15+00,2023/05/02 22:23:27+00,2023/04/12 22:23:27+00,1,725 IRVING STREET NW,20010,1
727,S0000,Abandoned Vehicle - On Public Property,2023/04/13 09:03:50+00,2023/04/13 15:51:04+00,2023/05/03 09:03:50+00,2023/04/13 09:03:50+00,1,1030 EUCLID STREET NW,20001,1
729,S0000,Abandoned Vehicle - On Public Property,2023/04/13 11:55:19+00,2023/04/13 18:09:05+00,2023/05/03 11:55:19+00,2023/04/13 11:55:19+00,1,3600 16TH STREET NW,20010,1
730,S0000,Abandoned Vehicle - On Public Property,2023/04/13 13:34:23+00,2023/04/14 20:06:12+00,2023/05/03 13:34:23+00,2023/04/13 13:34:23+00,1,1403 G STREET NE,20002,6
732,S0000,Abandoned Vehicle - On Public Property,2023/04/13 15:24:37+00,2023/04/13 17:24:14+00,2023/05/03 15:24:37+00,2023/04/13 15:24:37+00,1,1524 2ND STREET SW,20024,6
733,S0000,Abandoned Vehicle - On Public Property,2023/04/13 18:39:19+00,2023/04/14 19:09:05+00,2023/05/03 18:39:19+00,2023/04/13 18:39:19+00,1,1101 HOLBROOK TERRACE NE,20002,5
738,S0000,Abandoned Vehicle - On Public Property,2023/04/13 21:13:36+00,2023/04/14 14:24:04+00,2023/05/03 21:13:36+00,2023/04/13 21:13:36+00,1,5788 2ND STREET NE,20011,4
742,S0000,Abandoned Vehicle - On Public Property,2023/04/13 21:34:25+00,2023/04/14 20:09:05+00,2023/05/03 21:34:25+00,2023/04/13 21:34:25+00,1,416 G STREET NE,20002,6
755,S0000,Abandoned Vehicle - On Public Property,2023/04/14 15:34:35+00,2023/04/14 20:00:13+00,2023/05/04 15:34:35+00,2023/04/14 15:34:35+00,1,55 M STREET NW,20001,6
